symbol,afv,rp,fcf_yield,ocf_margin,min_ocf_margin,ocf_margin_volatility,sector_score,geo_score,debt_score,trend_score,vd_score,computed_at,market_cap_billion,industry,country,avg_daily_volume
VET,7.8,5.0,0.3572563,0.4486498,0.37472317,0.11212215,1.0,0.8,0.5,0.0,0.5,2025-09-23 04:43:35.295575,1.187483648,Oil & Gas E&P,Canada,920668
CALT.MI,7.7760515,4.6760516,0.2824787,0.20824647,0.1647139,0.22843072,0.5,0.6,1.0,0.5,0.5,2025-09-22 14:36:41.595914,1.018617536,Building Materials,Italy,26239
MUR,7.648023,4.848023,0.2113083,0.5260391,0.5070539,0.059814904,1.0,0.8,0.5,0.0,0.5,2025-09-23 00:13:39.608945,3.866605056,Oil & Gas E&P,United States,2380542
MPCC.OL,7.570519,4.570519,0.2028126,0.6076757,0.5181561,0.10790188,1.0,1.0,0.5,0.0,0.5,2025-09-22 14:53:08.956736,7.920050176,Marine Shipping,Norway,2915642
SEA1.OL,7.5,5.0,0.21761674,0.35589576,0.3068544,0.13780536,1.0,1.0,0.0,0.0,0.5,2025-09-22 15:03:03.586998,3.3768192,Oil & Gas Equipment & Services,Norway,248217
DLNG,7.399865,4.799865,0.51050407,0.5009221,0.40124002,0.19265553,1.0,0.6,0.0,0.5,0.5,2025-09-22 17:31:49.306620,0.13855456,Oil & Gas Midstream,Greece,35665
GENL.L,7.2963963,4.7963963,0.4010099,0.8264033,0.6810988,0.19891278,1.0,1.0,1.0,0.0,-0.5,2025-09-22 14:44:04.560880,0.174837824,Oil & Gas E&P,United Kingdom,326770
TALO,7.251707,4.451707,0.24688596,0.40099207,0.33055425,0.17825516,1.0,0.8,0.5,1.0,-0.5,2025-09-23 03:33:38.998516,1.631305856,Oil & Gas E&P,United States,2637225
REACH.OL,7.2079325,4.2079325,0.22789973,0.4049838,0.31929308,0.16726753,1.0,1.0,0.0,0.5,0.5,2025-09-22 15:00:16.254352,2.118135424,Oil & Gas Equipment & Services,Norway,233998
EQNR.OL,7.1670527,4.6670527,0.28009692,0.2469713,0.1961913,0.22172493,1.0,1.0,0.0,0.0,0.5,2025-09-22 14:41:36.287202,613.423251456,Oil & Gas Integrated,Norway,2531497
EQNR,7.1538982,4.6538982,0.27688524,0.2469713,0.1961913,0.22172493,1.0,1.0,0.0,0.0,0.5,2025-09-22 18:15:02.947469,62.492495872,Oil & Gas Integrated,Norway,3903122
FNM.MI,7.1,5.0,0.476801,0.23351951,0.21969566,0.06820946,1.0,0.6,0.0,0.0,0.5,2025-09-22 14:43:02.798646,0.208753232,Railroads,Italy,548280
ATKR,7.081943,4.781943,0.2645754,0.19942023,0.1714628,0.11952684,1.0,0.8,0.5,0.0,0.0,2025-09-22 15:21:58.920913,2.029104896,Electrical Equipment & Parts,United States,611887
EC.PA,7.004214,3.904214,0.2124026,0.5325498,0.431528,0.18798709,1.0,0.6,1.0,0.0,0.5,2025-09-22 14:40:26.808828,0.789750016,Oil & Gas E&P,Gabon,592
ENQ.L,7.0,5.0,2.0056555,0.49327865,0.43090126,0.08845585,1.0,1.0,0.0,-0.5,0.5,2025-09-22 14:41:14.938251,0.210817104,Oil & Gas E&P,United Kingdom,2562656
TEP.PA,7.0,5.0,0.30466038,0.16504793,0.15869512,0.048264183,0.0,1.0,0.0,0.5,0.5,2025-09-22 15:06:54.545241,3.808338944,Specialty Business Services,France,319343
PBR,6.9,5.0,0.3904092,0.4217385,0.39941674,0.050114587,1.0,0.4,0.0,0.0,0.5,2025-09-23 02:03:34.317676,80.710189056,Oil & Gas Integrated,Brazil,21239979
HUM.ST,6.8940387,4.8940387,0.28917792,0.07543936,0.064405724,0.13745424,1.0,1.0,0.0,0.0,0.0,2025-09-22 14:46:29.949577,2.016059776,Medical Care Facilities,Sweden,131755
OKEA.OL,6.8,4.8,1.0244782,0.5422553,0.38738483,0.21862793,1.0,1.0,0.0,0.0,0.0,2025-09-22 14:56:29.551843,1.878699136,Oil & Gas E&P,Norway,271919
GMS.L,6.7693,4.6693,0.28067657,0.553232,0.35188097,0.24265814,1.0,0.6,0.0,0.5,0.0,2025-09-22 14:44:37.359429,0.185729168,Oil & Gas Equipment & Services,United Arab Emirates,1792120
WLKP,6.599924,4.799924,0.52960217,0.35846004,0.29108173,0.16247305,0.5,0.8,0.0,0.0,0.5,2025-09-23 05:03:07.133977,0.744943104,Chemicals,United States,34109
GKP.L,6.5833077,3.9833076,0.21593352,0.61000454,0.41552374,0.26706076,1.0,0.6,1.0,0.5,-0.5,2025-09-22 14:44:24.978442,0.378975648,Oil & Gas E&P,Bermuda,697899
SOFF.OL,6.571572,4.571572,0.26156798,0.3456082,0.2698337,0.18497047,1.0,1.0,0.0,0.0,0.0,2025-09-22 15:04:39.014553,5.908102144,Marine Shipping,Norway,177551
ALNG.OL,6.5,5.0,0.87826574,0.7199611,0.6586723,0.14196476,1.0,1.0,0.0,0.0,-0.5,2025-09-22 14:32:09.831453,0.48777888,Oil & Gas Midstream,Norway,129496
GEMD.L,6.5,5.0,0.26744735,0.31711864,0.2496311,0.14511377,0.5,1.0,0.5,0.0,-0.5,2025-09-22 14:44:04.049405,0.004687411,Other Precious Metals & Mining,United Kingdom,556543
TLW.L,6.5,5.0,2.895293,0.56175053,0.494169,0.100633085,1.0,1.0,0.0,0.0,-0.5,2025-09-22 15:07:14.693683,0.156133184,Oil & Gas E&P,United Kingdom,6369283
FUTR.L,6.5,5.0,0.24237642,0.2414178,0.21542756,0.10112188,0.0,1.0,0.5,0.0,0.0,2025-09-22 14:43:47.201571,0.694168192,Publishing,United Kingdom,598555
VIRI.PA,6.5,5.0,0.2652112,0.36145633,0.31674507,0.082851015,1.0,1.0,0.0,0.0,-0.5,2025-09-22 15:09:02.984048,0.43476112,Oil & Gas Equipment & Services,France,42754
LNA.PA,6.444979,4.944979,0.31126872,0.1317519,0.11591288,0.08511919,1.0,1.0,-0.5,0.0,0.0,2025-09-22 14:51:06.994631,0.272006944,Medical Care Facilities,France,3182
G5EN.ST,6.399957,3.899957,0.21222019,0.23105147,0.18271093,0.17163593,0.0,1.0,1.0,0.0,0.5,2025-09-22 14:43:49.908040,0.73813312,Electronic Gaming & Multimedia,Sweden,29101
SBLK,6.3960376,4.2960377,0.23374622,0.44978294,0.35372165,0.22338429,1.0,0.6,0.5,0.0,0.0,2025-09-24 04:42:57.792498,2.262244096,Marine Shipping,Greece,1326498
FDM.L,6.347152,3.8471525,0.26911357,0.13239838,0.11036694,0.17969245,0.0,1.0,1.0,0.0,0.5,2025-09-22 14:42:23.100207,0.14385376,Information Technology Services,United Kingdom,724615
APA,6.3450046,4.0450044,0.18976392,0.40846586,0.37177774,0.095576316,1.0,0.8,0.0,0.0,0.5,2025-09-23 06:09:33.040189,8.447338496,Oil & Gas E&P,United States,6890082
CA.PA,6.3333516,4.8333516,0.27378947,0.05117111,0.048126504,0.05334762,0.5,1.0,1.0,-0.5,-0.5,2025-09-22 14:37:11.636175,8.668156928,Grocery Stores,France,2718834
KNOP,6.2974753,4.7974753,0.41287783,0.46276158,0.3758289,0.19878305,1.0,1.0,0.0,0.0,-0.5,2025-09-22 23:08:31.222183,0.313391744,Oil & Gas Midstream,United Kingdom,62201
CIVI,6.203432,2.9034321,0.27497777,0.5360698,0.29507294,0.31205282,1.0,0.8,0.0,1.0,0.5,2025-09-22 16:49:05.640278,2.873386752,Oil & Gas E&P,United States,2533252
CSAN,6.1651583,4.765158,0.32522747,0.25221685,0.19726212,0.16429384,1.0,0.4,0.0,0.5,-0.5,2025-09-22 17:10:51.725330,2.161926144,Oil & Gas Refining & Marketing,Brazil,1529592
OMV.VI,6.1044173,3.5044177,0.22773759,0.15677921,0.12452848,0.19651385,1.0,0.6,0.5,0.0,0.5,2025-09-22 14:56:34.061010,14.819687424,Oil & Gas Integrated,Austria,322675
KMR.L,6.1,5.0,0.22572345,0.36038667,0.32417578,0.10168549,0.5,0.6,0.5,0.0,-0.5,2025-09-22 14:49:46.909832,0.271490688,Other Industrial Metals & Mining,Ireland,101045
BRY,6.088291,4.7882915,0.36169216,0.2537223,0.17464629,0.27693024,1.0,0.8,0.0,0.0,-0.5,2025-09-23 10:00:10.453940,0.301095136,Oil & Gas E&P,United States,1382836
BTE,6.0762296,3.7762296,0.18405013,0.40593287,0.3813221,0.08269412,1.0,0.8,0.0,0.5,0.0,2025-09-22 16:24:24.744349,1.849366272,Oil & Gas E&P,Canada,28641615
SSABAH.HE,6.0491366,3.0491366,0.20290221,0.15192068,0.11838818,0.18150513,0.5,1.0,1.0,0.0,0.5,2025-09-22 15:05:08.830593,4.800555008,Steel,Sweden,22286
SSABBH.HE,6.049136,3.0491362,0.2029022,0.15192068,0.11838818,0.18150513,0.5,1.0,1.0,0.0,0.5,2025-09-22 15:05:10.940492,4.80055552,Steel,Sweden,351454
PLTK,6.044554,4.9445543,0.31101036,0.1988635,0.18875931,0.055592336,0.0,0.6,0.0,0.0,0.5,2025-09-24 02:27:07.814771,1.341595136,Electronic Gaming & Multimedia,Israel,1984360
REI,6.02779,3.72779,0.20538475,0.50433713,0.37049925,0.1793676,1.0,0.8,0.5,0.0,0.0,2025-09-22 15:14:41.117035,0.202413872,Oil & Gas E&P,United States,3534946
ACAD.ST,6.0,5.0,0.30864432,0.19909298,0.18961225,0.03384735,0.5,1.0,-0.5,0.0,0.0,2025-09-22 12:29:46.114518,10.00018432,Education & Training Services,Sweden,138195
DEC.PA,6.0,5.0,0.24104494,0.3500381,0.31115454,0.10487055,0.0,1.0,-0.5,0.0,0.5,2025-09-22 14:39:26.135808,3.236948224,Advertising Agencies,France,117238
WAWI.OL,5.963183,2.963183,0.30760235,0.27334747,0.16040164,0.30927214,1.0,1.0,0.0,0.5,0.5,2025-09-22 15:10:04.265043,39.108497408,Marine Shipping,Norway,431992
PSE.OL,5.9510365,3.3510365,0.21773252,0.18808454,0.13206255,0.20083873,1.0,0.6,1.0,0.0,0.0,2025-09-22 14:59:02.956422,0.285133184,Oil & Gas Equipment & Services,Cyprus,11149
GGB,5.8963757,3.9963756,0.20958458,0.15662357,0.1352996,0.09493615,0.5,0.4,0.5,0.0,0.5,2025-09-22 21:24:54.628316,6.079451136,Steel,Brazil,11842498
FLUX.BR,5.8873696,2.7873697,0.24771109,0.5424948,0.36610106,0.40390927,1.0,0.6,1.0,0.0,0.5,2025-09-22 14:42:58.498008,1.433375488,Oil & Gas Midstream,Belgium,2706
ECEL.L,5.842873,3.342873,0.21726082,0.111885466,0.087110065,0.24357405,1.0,1.0,0.0,0.0,0.5,2025-09-22 14:40:25.285682,0.131639008,Building Products & Equipment,United Kingdom,190040
MNDO,5.7228065,3.6228063,0.20164558,0.21375273,0.18970942,0.15723772,0.0,0.6,1.0,0.0,0.5,2025-09-23 22:10:02.281520,0.024032264,Software - Application,Israel,41134
TK,5.6992826,2.0992827,0.42727703,0.27363113,0.11445434,0.57002205,1.0,0.6,1.0,1.0,0.0,2025-09-23 03:45:17.201737,0.732460992,Oil & Gas Midstream,Bermuda,682787
PED,5.6920533,2.8920534,0.27117217,0.4985097,0.3227568,0.3957341,1.0,0.8,1.0,0.0,0.0,2025-09-22 15:14:29.417946,0.053348024,Oil & Gas E&P,United States,139884
UAN,5.647808,4.3478084,0.19690382,0.33976495,0.2865679,0.10466548,0.5,0.8,0.0,-0.5,0.5,2025-09-23 04:32:05.965460,0.96204832,Agricultural Inputs,United States,22520
ODFB.OL,5.636715,2.6367152,0.22857282,0.24429384,0.14698079,0.31892973,1.0,1.0,0.0,0.5,0.5,2025-09-22 14:56:17.442785,10.220133376,Marine Shipping,Norway,16126
ODF.OL,5.636715,2.636715,0.2285728,0.24429384,0.14698079,0.31892973,1.0,1.0,0.0,0.5,0.5,2025-09-22 14:56:17.942533,10.2201344,Marine Shipping,Norway,54603
GPRK,5.5999966,2.9999964,0.61525595,0.46768478,0.31483436,0.3679179,1.0,0.6,0.0,0.5,0.5,2025-09-22 21:37:19.321384,0.311984384,Oil & Gas E&P,Colombia,716123
GTE,5.5999837,4.7999835,0.58060855,0.46521458,0.3579394,0.24549855,1.0,0.8,-0.5,0.0,-0.5,2025-09-22 15:13:07.871498,0.137281824,Oil & Gas E&P,Canada,301915
GTE.L,5.5999837,4.799984,0.5812699,0.46521458,0.3579394,0.24549855,1.0,0.8,-0.5,0.0,-0.5,2025-09-22 14:45:00.346702,0.101637952,Oil & Gas E&P,Canada,665
BIJ.DE,5.5918756,4.0918756,0.22129573,0.2629137,0.22158073,0.23439404,-0.5,1.0,0.5,0.0,0.5,2025-09-22 14:35:02.662905,0.2982304,Luxury Goods,Germany,3116
VAR.OL,5.587672,3.0876725,0.18577059,0.5757086,0.46225607,0.22765419,1.0,1.0,0.0,0.0,0.5,2025-09-22 15:08:39.180918,82.206646272,Oil & Gas E&P,Norway,4016522
CARD.L,5.527582,4.027582,0.21804048,0.2243456,0.16387096,0.279085,-0.5,1.0,0.5,0.0,0.5,2025-09-22 14:36:54.766342,0.385708192,Specialty Retail,United Kingdom,995843
VOD.L,5.5,5.0,0.42398512,0.45730925,0.4105159,0.07665812,0.0,1.0,0.0,0.0,-0.5,2025-09-22 15:09:18.202468,20.513902592,Telecom Services,United Kingdom,61159335
XIL.PA,5.5,5.0,0.26066917,0.8316365,0.73156506,0.1015192,0.0,1.0,0.5,-0.5,-0.5,2025-09-22 15:10:34.766306,0.01714146,,France,12939
BUR.PA,5.5,5.0,0.29600912,0.07159841,0.06893881,0.04440667,-0.5,1.0,0.0,-0.5,0.5,2025-09-22 14:36:31.394517,0.671386368,Auto Parts,France,97
VOD,5.5,5.0,0.4238783,0.45730925,0.4105159,0.07665812,0.0,1.0,0.0,0.0,-0.5,2025-09-24 07:44:01.339205,27.723630592,Telecom Services,United Kingdom,6536442
SF.ST,5.5,5.0,0.30911887,0.26909685,0.24205099,0.09993223,0.0,1.0,0.0,0.0,-0.5,2025-09-22 15:03:35.129833,2.9576,Electronic Gaming & Multimedia,Sweden,2052106
HLAG.DE,5.49732,2.9973204,0.3952169,0.38428852,0.2283877,0.41202042,1.0,1.0,0.5,-0.5,0.5,2025-09-22 14:45:43.247735,20.66940928,Marine Shipping,Germany,13332
CLARI.PA,5.4884515,4.4884515,0.23467791,0.18197112,0.15877326,0.11128676,1.0,1.0,-0.5,0.0,-0.5,2025-09-22 14:37:52.755337,1.555013248,Medical Care Facilities,France,616789
SHEL.L,5.484917,2.4849172,0.16928048,0.17884973,0.1711547,0.05424186,1.0,1.0,0.5,0.0,0.5,2025-09-22 15:03:45.555448,151.267278848,Oil & Gas Integrated,United Kingdom,7954969
HAVI.OL,5.465548,2.965548,0.30983457,0.28373107,0.1439585,0.41041335,1.0,1.0,-0.5,1.0,0.0,2025-09-22 14:45:23.702758,0.372853824,Marine Shipping,Norway,195785
DEDI.ST,5.456445,3.456445,0.22434293,0.0590747,0.047265973,0.1873461,0.0,1.0,1.0,-0.5,0.5,2025-09-22 14:39:26.744186,0.43031888,Staffing & Employment Services,Sweden,11280
R6C0.DE,5.436787,2.4367874,0.16828898,0.17884973,0.1711547,0.05424186,1.0,1.0,0.5,0.0,0.5,2025-09-22 14:59:47.277269,174.28307968,Oil & Gas Integrated,United Kingdom,51675
SIILI.HE,5.4344406,3.4344406,0.22287475,0.091038406,0.06103405,0.27991527,0.0,1.0,1.0,-0.5,0.5,2025-09-22 15:03:51.767467,0.04029954,Information Technology Services,Finland,7390
SHELL.AS,5.4311624,2.4311626,0.16817361,0.17884973,0.1711547,0.05424186,1.0,1.0,0.5,0.0,0.5,2025-09-22 15:03:45.066029,174.340980736,Oil & Gas Integrated,United Kingdom,4509791
DIS.MI,5.4215965,1.8215967,0.22525369,0.37427956,0.12867153,0.5225356,1.0,0.6,0.5,1.0,0.5,2025-09-22 14:39:51.314772,0.500855392,Marine Shipping,Luxembourg,668220
TTE.PA,5.40189,2.4018898,0.16757499,0.17203064,0.15773222,0.075744525,1.0,1.0,0.5,0.0,0.5,2025-09-22 15:07:58.480578,112.212647936,Oil & Gas Integrated,France,3574819
ASRT,5.3995895,2.0995896,0.44588372,0.27258828,0.04975048,0.70058054,1.0,0.8,1.0,1.0,-0.5,2025-09-23 06:25:25.703967,0.089243,Drug Manufacturers - Specialty & Generic,United States,271577
TOTB.DE,5.399328,2.3993285,0.16752274,0.17203064,0.15773222,0.075744525,1.0,1.0,0.5,0.0,0.5,2025-09-22 15:07:21.278584,112.23441408,Oil & Gas Integrated,France,17753
TTE.L,5.397113,2.397113,0.16747756,0.17203064,0.15773222,0.075744525,1.0,1.0,0.5,0.0,0.5,2025-09-22 15:07:57.895670,112.277921792,Oil & Gas Integrated,France,2004572
SHEL,5.3711834,2.3711834,0.16695,0.17884973,0.1711547,0.05424186,1.0,1.0,0.5,0.0,0.5,2025-09-23 03:04:59.526529,206.951186432,Oil & Gas Integrated,United Kingdom,4342184
ITH.L,5.3687263,3.3687263,0.1935671,0.572297,0.43054676,0.18342863,1.0,1.0,0.5,0.0,-0.5,2025-09-22 14:48:14.204439,3.050996992,Oil & Gas E&P,United Kingdom,1725416
HLF,5.3133793,4.5133796,0.23647097,0.06870812,0.05715888,0.1330432,0.5,0.8,0.0,-0.5,0.0,2025-09-22 21:51:42.027563,0.9418704,Packaged Foods,United States,1847603
TTE,5.301166,2.3011663,0.16553555,0.17203064,0.15773222,0.075744525,1.0,1.0,0.5,0.0,0.5,2025-09-23 04:27:14.064483,133.877587968,Oil & Gas Integrated,France,1372757
GTN,5.2999783,3.9999783,0.56521195,0.1883591,0.124326564,0.23501779,0.0,0.8,-0.5,0.5,0.5,2025-09-22 21:41:17.115742,0.616582848,Broadcasting,United States,1491485
FGR.PA,5.295911,4.295911,0.20618165,0.1461521,0.14056642,0.044558305,0.0,1.0,-0.5,0.0,0.5,2025-09-22 14:42:37.849626,10.736891904,Engineering & Construction,France,201126
MATX,5.2933273,2.9933274,0.18334882,0.23322965,0.16496478,0.22956195,1.0,0.8,0.5,0.0,0.0,2025-09-22 23:46:35.417205,3.328627968,Marine Shipping,United States,366861
SD,5.2900157,4.9900155,0.21633983,0.66707325,0.590095,0.118382685,1.0,0.8,-1.5,-0.5,0.5,2025-09-23 03:00:01.349462,0.41125344,Oil & Gas E&P,United States,296909
TSQ,5.289706,3.9897063,0.3599047,0.12798381,0.10809301,0.1784869,0.0,0.8,0.0,0.0,0.5,2025-09-23 04:26:22.578278,0.112651344,Advertising Agencies,United States,96012
DXC,5.2884927,4.9884925,0.36363405,0.09963571,0.092284046,0.067869805,0.0,0.8,0.0,-0.5,0.0,2025-09-22 17:40:48.705998,2.53551616,Information Technology Services,United States,1826352
MORLD.OL,5.28728,3.78728,0.20209323,0.15227103,0.11495327,,1.0,1.0,0.0,0.0,-0.5,2025-09-22 14:53:06.361714,3.02792192,Oil & Gas Equipment & Services,Norway,316493
INMD,5.271379,2.6713789,0.17562354,0.3960483,0.33601305,0.17014048,1.0,0.6,1.0,0.0,0.0,2025-09-23 19:18:34.830262,0.942449152,Medical Devices,Israel,1253833
PETS.L,5.256245,3.7562454,0.2010717,0.16403039,0.14187272,0.14018828,-0.5,1.0,0.5,0.0,0.5,2025-09-22 14:58:03.412296,0.865363008,Specialty Retail,United Kingdom,901750
RMR,5.2459564,3.9459565,0.30436784,0.10543581,0.06837579,0.23646468,-1.0,0.8,1.0,0.0,0.5,2025-09-24 04:23:46.002320,0.273963744,Real Estate Services,United States,99953
NBR,5.220622,4.120622,0.19146764,0.2029938,0.18882185,0.056682125,1.0,0.6,0.0,0.0,-0.5,2025-09-23 00:18:17.552446,0.565244352,Oil & Gas Drilling,Bermuda,539361
ZIM,5.2,2.1,2.1495693,0.42145848,0.19759017,0.3705027,1.0,0.6,0.0,1.0,0.5,2025-09-23 05:16:21.525382,1.764702464,Marine Shipping,Israel,5176903
TIXT,5.145744,4.845744,0.27642566,0.17430584,0.14175023,0.13114387,0.0,0.8,0.0,0.0,-0.5,2025-09-23 03:44:47.245579,1.234509184,Software - Infrastructure,Canada,1231920
DBG.PA,5.1424327,3.6424327,0.23950724,0.084737785,0.06454545,0.16016765,1.0,1.0,0.0,-0.5,0.0,2025-09-22 14:39:21.303261,0.822104576,Waste Management,France,158879
HRPK.DE,5.1316013,4.6316013,0.20455912,0.7145565,0.6447847,0.07648947,0.0,1.0,0.0,0.0,-0.5,2025-09-22 14:46:08.631769,0.136535104,Solar,Germany,54545
VTRS,5.125866,3.8258657,0.20339255,0.17432655,0.15624216,0.08425544,1.0,0.8,0.0,0.0,-0.5,2025-09-24 07:50:57.736000,11.413889024,Drug Manufacturers - Specialty & Generic,United States,9973553
BPOST.BR,5.099987,3.9999874,0.5830996,0.10038202,0.08835964,0.15763476,1.0,0.6,-0.5,0.5,-0.5,2025-09-22 14:36:01.287830,0.469002208,Integrated Freight & Logistics,Belgium,239561
ATUS,5.099475,4.7994747,0.46522602,0.2256537,0.17671737,0.21148346,0.0,0.8,0.0,0.0,-0.5,2025-09-22 15:22:01.663923,1.260654464,Telecom Services,United States,4703474
DNORD.CO,5.083762,2.483762,0.32895073,0.16486591,0.102819234,0.40968853,1.0,0.6,0.5,0.0,0.5,2025-09-22 14:40:02.454714,7.063799808,Marine Shipping,Denmark,66440
WB,5.081383,3.7813833,0.18415527,0.35371077,0.30719063,0.09162702,0.0,0.3,0.5,0.0,0.5,2025-09-24 07:55:42.041556,3.024985344,Internet Content & Information,China,1174076
DFDS.CO,5.0679045,3.9679043,0.32186836,0.14793831,0.114950255,0.19029973,1.0,0.6,0.0,0.0,-0.5,2025-09-22 14:39:29.450795,5.491375616,Marine Shipping,Denmark,111027
MDM.PA,5.0,5.0,2.3655307,0.17024685,0.16082792,0.0826725,-0.5,1.0,0.0,0.0,-0.5,2025-09-22 14:52:18.302153,0.068549416,Home Improvement Retail,France,32805
SHOT.ST,5.0,5.0,0.26747283,0.32096764,0.2909513,0.11469713,-0.5,1.0,0.0,0.0,-0.5,2025-09-22 15:03:47.595921,19.157086208,Lodging,Sweden,380194
TGA.L,4.9999986,2.9999986,0.64390296,0.26221082,0.14875963,0.3830146,1.0,-0.5,1.0,0.0,0.5,2025-09-22 15:06:59.836206,0.471221504,Thermal Coal,South Africa,291711
KMER.MI,4.9940805,4.8940806,0.28919134,0.06829223,0.046041757,,0.5,0.6,-0.5,0.0,-0.5,2025-09-22 14:49:44.380602,0.264811696,Copper,Italy,3426
KME.MI,4.9940805,4.8940806,0.28919134,0.06829223,0.046041757,,0.5,0.6,-0.5,0.0,-0.5,2025-09-22 14:49:44.546231,0.264811696,Copper,Italy,7810
HFD.L,4.9895678,4.9895678,0.36690965,0.09944622,0.08716725,0.10866332,-0.5,1.0,0.0,0.0,-0.5,2025-09-22 14:45:37.527899,0.29762096,Specialty Retail,United Kingdom,596871
AAD.DE,4.985168,3.4851682,0.22634143,0.17979378,0.12125491,0.22167231,0.0,1.0,0.5,-0.5,0.5,2025-09-22 12:29:29.901880,0.29279328,Staffing & Employment Services,Germany,8540
EWCZ,4.9851613,4.685161,0.20614295,0.23934369,0.21391264,0.08719738,0.5,0.8,0.0,0.0,-1.0,2025-09-23 13:13:47.748502,0.228063824,Household & Personal Products,United States,479461
MER.L,4.9822273,3.9822273,0.34165582,0.104648314,0.06451242,0.25979352,-0.5,1.0,0.0,0.0,0.5,2025-09-22 14:52:27.034740,0.261232192,Personal Services,United Kingdom,167703
TX,4.9658847,2.8658848,0.19568714,0.14603354,0.10800332,0.19152184,0.5,0.6,0.5,0.0,0.5,2025-09-23 04:29:54.936115,6.908067328,Steel,Luxembourg,212693
BTU,4.942756,2.6427562,0.1879919,0.17865723,0.12657084,0.29180852,1.0,0.8,1.0,0.0,-0.5,2025-09-22 16:25:14.187616,2.762752,Thermal Coal,United States,4951609
HAFNI.OL,4.9358525,1.3358524,0.1848805,0.32189482,0.13120781,0.39914113,1.0,0.6,0.5,1.0,0.5,2025-09-22 14:45:11.037955,30.357446656,Marine Shipping,Singapore,709861
SXC,4.935468,2.6354682,0.18775608,0.11847645,0.087217115,0.26116666,0.5,0.8,0.5,0.0,0.5,2025-09-23 03:31:03.495964,0.670550848,Coking Coal,United States,1068561
VLRS,4.8997984,4.7997985,0.4971488,0.28580657,0.21551144,0.26762974,-1.0,0.6,0.0,0.5,0.0,2025-09-23 04:47:28.263220,0.79280992,Airlines,Mexico,659473
LBTYK,4.896741,4.7967405,0.404362,0.5112477,0.3441855,0.29460555,0.0,0.6,0.0,0.0,-0.5,2025-09-23 20:08:12.092119,3.9914112,Telecom Services,Bermuda,1024052
LBTYA,4.896657,4.796657,0.40351525,0.5112477,0.3441855,0.29460555,0.0,0.6,0.0,0.0,-0.5,2025-09-23 20:07:47.136053,3.999786752,Telecom Services,Bermuda,1856222
LBTYB,4.8966045,4.7966046,0.40299708,0.5112477,0.3441855,0.29460555,0.0,0.6,0.0,0.0,-0.5,2025-09-23 20:07:58.936616,4.004929792,Telecom Services,Bermuda,485
MCG.L,4.895922,3.8959222,0.19450237,0.07660713,0.072995014,0.03604799,1.0,1.0,0.0,-0.5,-0.5,2025-09-22 14:52:13.956735,0.186887184,Railroads,United Kingdom,5502072
HAFN,4.8885927,1.2885925,0.18214819,0.32189482,0.13120781,0.39914113,1.0,0.6,0.5,1.0,0.5,2025-09-22 21:43:48.168043,3.101971456,Marine Shipping,Singapore,1282214
NLG1V.HE,4.843882,0.34388223,0.14007047,0.10250127,0.04270637,0.6911941,1.0,1.0,1.0,1.0,0.5,2025-09-22 14:55:21.837205,0.082954672,Railroads,Finland,32702
DHAI,4.841682,3.041682,0.18152179,0.096476056,0.08052983,,1.0,0.8,0.0,0.5,-0.5,2025-09-23 11:37:11.292019,0.010751003,Medical Devices,United States,5940930
CABO,4.8,5.0,0.34032536,0.42171705,0.39519545,0.045591097,0.0,0.8,-0.5,0.0,-0.5,2025-09-22 16:31:32.499352,0.9610656,Telecom Services,United States,178315
AMN,4.7995424,3.9995425,0.46374175,0.10173115,0.07664106,0.19664182,1.0,0.8,-0.5,0.0,-0.5,2025-09-22 15:19:43.515447,0.717430016,Medical Care Facilities,United States,956714
OGN,4.777795,2.977795,0.3245737,0.20077643,0.12757464,0.62922287,1.0,0.8,0.0,0.0,0.0,2025-09-22 14:56:28.644827,2.716640256,Drug Manufacturers - General,United States,4094663
CVEO,4.738005,4.438005,0.2312827,0.13520204,0.12242678,0.0822462,-0.5,0.8,0.5,0.0,-0.5,2025-09-22 17:16:58.221128,0.28279136,Lodging,United States,70011
KOF.PA,4.7365737,1.7365735,0.32337064,0.15496372,0.015001392,0.8440361,-0.5,1.0,1.0,1.0,0.5,2025-09-22 14:49:53.648334,0.577571776,Residential Construction,France,20210
HCO.PA,4.7306824,1.2306824,0.16879427,0.102470964,0.07583817,0.42956167,0.0,1.0,1.0,1.0,0.5,2025-09-22 14:45:26.636529,0.080624776,Advertising Agencies,France,40522
BP,4.694708,3.694708,0.19910368,0.15400411,0.14428733,0.07088938,1.0,1.0,0.0,0.0,-1.0,2025-09-22 15:29:54.438137,89.578954752,Oil & Gas Integrated,United Kingdom,8710452
AMPY,4.683127,2.3831267,0.20864426,0.23966484,0.1406569,0.61855865,1.0,0.8,0.5,0.0,0.0,2025-09-22 15:19:44.917898,0.180883248,Oil & Gas E&P,United States,792784
ENRO.ST,4.665334,1.6653341,0.18870178,0.08029958,0.054166667,0.32760552,0.0,1.0,1.0,0.5,0.5,2025-09-22 14:41:15.929382,0.29411488,Internet Content & Information,Sweden,694271
FILA.MI,4.6477375,3.0477376,0.20284317,0.16155767,0.115624264,0.19174805,0.0,0.6,0.5,0.0,0.5,2025-09-22 14:42:40.008171,0.46240032,Business Equipment & Supplies,Italy,142511
STNG,4.636231,1.5362309,0.19795421,0.48411357,0.13554345,0.5055186,1.0,0.6,0.5,1.0,0.0,2025-09-23 03:27:24.721601,2.949251584,Oil & Gas Midstream,Monaco,1216728
STM.DE,4.6089973,2.1089976,0.16171919,0.13689269,0.11262916,0.124888636,1.0,1.0,0.0,0.0,0.5,2025-09-22 15:05:40.348049,0.598974976,Specialty Industrial Machinery,Germany,58793
ZYXI,4.6054635,3.8054636,0.2608182,0.0756758,0.053330366,0.2579545,1.0,0.8,0.0,-0.5,-0.5,2025-09-24 08:34:30.224093,0.046355084,Medical Distribution,United States,286874
CHGG,4.6,4.8,0.7837784,0.30797207,0.20273684,0.22912435,0.5,0.8,-0.5,-0.5,-0.5,2025-09-22 16:43:54.518657,0.173864832,Education & Training Services,United States,3571973
NOMD,4.5992618,2.5992618,0.17167065,0.12570375,0.10334388,0.14772104,0.5,1.0,0.0,0.0,0.5,2025-09-23 00:31:04.162367,1.986113408,Packaged Foods,United Kingdom,1182109
SKM,4.56947,3.46947,0.17228793,0.29076472,0.2809553,0.034124136,0.0,0.6,0.0,0.0,0.5,2025-09-23 03:08:36.643056,8.581074944,Telecom Services,South Korea,393653
MAU.PA,4.5632434,1.0632435,0.1424931,0.45866346,0.33674014,0.23861144,1.0,1.0,1.0,0.0,0.5,2025-09-22 14:52:07.377545,0.945923392,Oil & Gas E&P,France,167664
NOHO.HE,4.5,5.0,0.2629767,0.20786947,0.1756029,0.14467657,-0.5,1.0,-1.5,0.0,0.5,2025-09-22 14:55:26.048722,0.196975616,Restaurants,Finland,8995
SUNN.SW,4.5,5.0,0.23235606,0.41228595,0.3958553,0.028805451,0.0,0.0,0.0,0.0,-0.5,2025-09-22 15:05:47.934803,3.462466304,,,212714
HBR.L,4.471474,2.9714744,0.31617406,0.47142774,0.26226047,0.31762165,1.0,1.0,0.0,0.0,-0.5,2025-09-22 14:45:25.183070,2.991487744,Oil & Gas E&P,United Kingdom,3261373
OLPX,4.470951,4.6709514,0.20571771,0.35567117,0.33429262,0.06895242,-0.5,0.8,0.5,0.0,-1.0,2025-09-24 01:45:05.349832,0.927242688,Specialty Retail,United States,1174150
DAC,4.467611,1.867611,0.15853061,0.69173217,0.59192896,0.2408902,1.0,0.6,0.5,0.0,0.5,2025-09-22 17:21:44.243746,1.701029632,Marine Shipping,Greece,74365
SYZ.DE,4.4605045,3.9605045,0.31490868,0.13764225,0.09850576,0.23579207,0.0,1.0,0.0,0.0,-0.5,2025-09-22 15:06:21.376626,0.026460052,Advertising Agencies,Germany,2531
CRWS,4.4427423,4.642742,0.24742743,0.0977743,0.08083805,0.13772085,-0.5,0.8,0.0,0.0,-0.5,2025-09-23 11:14:08.228364,0.03021593,"Furnishings, Fixtures & Appliances",United States,30912
STEM.L,4.4192305,2.4192302,0.22431566,0.031168222,0.026577694,0.23046678,0.0,1.0,1.0,-0.5,0.5,2025-09-22 15:05:33.913738,0.183919392,Staffing & Employment Services,United Kingdom,699259
AKSO.OL,4.3959904,1.3959904,0.2092819,0.123528555,0.05951993,0.44568843,1.0,1.0,0.5,0.0,0.5,2025-09-22 14:31:53.787257,14.322786304,Oil & Gas Equipment & Services,Norway,854304
IPS.PA,4.368672,2.368672,0.16689901,0.13846414,0.118912384,0.1256862,0.0,1.0,0.5,0.0,0.5,2025-09-22 14:47:58.807714,1.596531328,Consulting Services,France,51687
SLVM,4.366251,2.5662508,0.18555745,0.14365238,0.12072767,0.23828818,0.5,0.8,0.0,0.0,0.5,2025-09-23 03:10:37.307035,1.766299264,Paper & Paper Products,United States,389730
CAI.MI,4.341754,2.741754,0.19128533,0.1133493,0.096898496,0.22116955,0.0,0.6,0.5,0.0,0.5,2025-09-22 14:36:40.651406,0.382413024,Publishing,Italy,148616
DNO.OL,4.3396707,1.3396708,0.18510592,0.6007958,0.29093632,0.3590882,1.0,1.0,1.0,0.5,-0.5,2025-09-22 14:40:02.926673,14.508000256,Oil & Gas E&P,Norway,2437490
AMR,4.3353806,2.0353804,0.2765141,0.22013862,0.07745344,0.53515214,0.5,0.8,1.0,0.5,-0.5,2025-09-22 15:19:45.371441,2.168240128,Coking Coal,United States,407804
KCC.OL,4.3075895,0.8075896,0.14706443,0.4114198,0.2316183,0.31353158,1.0,1.0,0.5,0.5,0.5,2025-09-22 14:49:07.976792,4.523838976,Marine Shipping,Norway,59308
ORIS,4.2999897,2.9999895,0.5803779,0.4241058,0.21553217,0.36580387,0.5,0.3,1.0,-0.5,0.0,2025-09-24 01:55:14.555822,0.012067138,Packaged Foods,China,36264809
PAGP,4.299111,3.4991107,0.43713963,0.048681952,0.041923895,0.11871227,1.0,0.8,0.0,-0.5,-0.5,2025-09-24 02:05:17.405758,4.291534848,Oil & Gas Midstream,United States,1359201
MBG.DE,4.295129,3.2951288,0.21459936,0.12818173,0.09495374,0.29980028,-0.5,1.0,0.0,0.0,0.5,2025-09-22 14:52:07.756587,49.570279424,Auto Manufacturers,Germany,1824256
CHRD,4.264148,2.4641483,0.1709873,0.49315205,0.3993895,0.1568974,1.0,0.8,0.5,0.0,-0.5,2025-09-23 10:40:06.105554,5.740697088,Oil & Gas E&P,United States,800806
LIGHT.AS,4.261927,1.7619272,0.16356331,0.08503873,0.050039925,0.2950562,1.0,1.0,0.5,-0.5,0.5,2025-09-22 14:50:41.941817,2.786382848,Electrical Equipment & Parts,Netherlands,491279
QIPT,4.248014,2.948014,0.17933927,0.1701156,0.14387491,0.110183425,1.0,0.8,0.0,0.0,-0.5,2025-09-24 03:38:49.445597,0.118621536,Medical Distribution,United States,553388
CJMB,4.243808,1.9438081,0.24601631,0.3411597,0.082328066,0.67963994,1.0,0.8,1.0,0.0,-0.5,2025-09-23 10:45:04.723017,0.021598754,Integrated Freight & Logistics,United States,11825
OXY,4.2279415,2.9279418,0.1683539,0.43111277,0.40198797,0.054362223,1.0,0.8,0.0,0.0,-0.5,2025-09-23 01:59:06.119099,45.047959552,Oil & Gas E&P,United States,10363082
MNR,4.192127,1.8921273,0.15146257,0.56558174,0.50563955,0.11417121,1.0,0.8,0.0,0.0,0.5,2025-09-23 00:01:49.104707,1.53484288,Oil & Gas E&P,United States,291642
PACT.ST,4.1888437,2.1888435,0.16329429,0.10038575,0.088546716,0.10061394,0.0,1.0,1.0,0.0,0.0,2025-09-22 14:57:13.663854,2.534072064,Information Technology Services,Sweden,61933
OVS.MI,4.1847816,4.0847816,0.22092412,0.20040843,0.16524482,0.2445215,-0.5,0.6,0.0,0.0,0.0,2025-09-22 14:57:07.372905,1.027547392,Apparel Manufacturing,Italy,495031
AT1.DE,4.1235967,4.5235963,0.20151088,0.64082587,0.5764023,0.07603388,-1.0,0.6,0.0,0.0,0.0,2025-09-22 14:33:11.979218,3.607993856,Real Estate Services,Luxembourg,1483895
HAUTO.OL,4.1217213,0.6217214,0.14962456,0.38329348,0.18175127,0.4261319,1.0,1.0,0.5,0.5,0.5,2025-09-22 14:45:19.724650,21.194113024,Marine Shipping,Norway,698032
NEXN,4.111419,1.5114192,0.1699883,0.33516988,0.18295868,0.43294778,0.0,0.6,1.0,1.0,0.0,2025-09-23 22:42:46.237994,0.585338816,Advertising Agencies,Israel,517507
WHLR,4.1,4.8,2.276041,0.2830873,0.20458344,0.29807094,-1.0,0.8,0.0,0.0,-0.5,2025-09-24 08:01:23.783186,0.00631645,REIT - Retail,United States,343464
WHLRP,4.1,4.8,3.5605843,0.2830873,0.20458344,0.29807094,-1.0,0.8,0.0,0.0,-0.5,2025-09-24 08:02:01.243187,0.00403768,REIT - Retail,United States,5155
ZUC.MI,4.099243,3.999243,0.44695818,0.12354206,0.08840497,0.21664067,-0.5,0.6,0.0,0.5,-0.5,2025-09-22 15:11:06.835230,0.023406552,Textile Manufacturing,Italy,7955
WHLRD,4.098247,4.798247,0.42503858,0.2830873,0.20458344,0.29807094,-1.0,0.8,0.0,0.0,-0.5,2025-09-24 08:01:34.941327,0.033823988,REIT - Retail,United States,2352
BRSL,4.0557137,4.5557137,0.2592491,0.35165212,0.23917829,0.2300785,-0.5,1.0,-0.5,0.0,-0.5,2025-09-22 15:31:47.872346,3.135015936,Gambling,United Kingdom,2210117
ASIX,4.0544796,1.7544794,0.16337864,0.10910323,0.07664976,0.2837161,0.5,0.8,0.5,0.0,0.5,2025-09-22 15:21:29.226291,0.547889856,Chemicals,United States,225400
EC,4.05154,0.95154,0.15163653,0.23725928,0.13828205,0.34592128,1.0,0.6,0.0,1.0,0.5,2025-09-22 17:53:57.138970,18.572214272,Oil & Gas Integrated,Colombia,2064430
CHR,4.05,1.75,2.3793817,0.19628544,0.0492682,0.5977268,0.0,0.3,1.0,1.0,0.0,2025-09-23 10:39:52.668568,0.00878369,Advertising Agencies,China,300625
S30.PA,4.030571,3.9305708,0.29592466,0.05235801,0.032261115,0.2674996,0.0,0.6,0.0,0.0,-0.5,2025-09-22 15:01:37.479747,0.111017272,Information Technology Services,Luxembourg,698805
RES,4.007943,-0.292057,0.09631382,0.16795346,0.055171,0.559971,1.0,0.8,1.0,1.0,0.5,2025-09-23 02:36:45.262629,0.999394496,Oil & Gas Equipment & Services,United States,1787561
IWG.L,4.0,5.0,0.3647628,0.3781003,0.33004043,0.10664342,-1.0,1.0,0.0,0.0,-1.0,2025-09-22 14:48:24.451939,2.039579904,Real Estate Services,Switzerland,2961774
KMCP.OL,4.0,3.0,1.7197185,0.742707,0.3804878,0.37266713,-1.0,1.0,1.0,0.0,0.0,2025-09-22 14:49:44.221222,0.033896052,Real Estate Services,Norway,119940
EMGS.OL,3.9999928,2.9999928,0.59231484,0.57058954,0.36995995,0.34142298,1.0,1.0,-1.5,0.5,0.0,2025-09-22 14:40:57.919547,0.18270272,Oil & Gas Equipment & Services,Norway,140239
GFR,3.9936786,0.69367844,0.13781069,0.14669007,0.11816798,0.19005872,1.0,0.8,0.5,1.0,0.0,2025-09-22 21:24:41.503893,0.344942208,Oil & Gas E&P,Canada,41449
TPT.L,3.98495,3.98495,0.3472151,0.1111106,0.09243613,0.20702887,-0.5,1.0,0.0,0.0,-0.5,2025-09-22 15:07:23.687892,0.067634592,Home Improvement Retail,United Kingdom,195718
TDC,3.9609592,3.1609592,0.17241015,0.21316873,0.17314285,0.14560449,0.0,0.8,0.0,0.0,0.0,2025-09-23 03:35:26.862822,2.127195008,Software - Infrastructure,United States,1038866
GNE,3.9503994,1.6503994,0.16081776,0.1948358,0.14573556,0.25151974,1.0,0.8,1.0,0.0,-0.5,2025-09-22 21:32:54.924242,0.410515936,Utilities - Regulated Electric,United States,224287
CF,3.9466076,2.1466076,0.15551426,0.39560336,0.3446272,0.104181185,0.5,0.8,0.5,0.0,0.0,2025-09-22 16:41:52.351701,13.704531968,Agricultural Inputs,United States,2657390
TTK.DE,3.9427981,3.4427981,0.2234263,0.07148813,0.04781353,0.2736096,0.0,1.0,0.5,-0.5,-0.5,2025-09-22 15:07:59.151014,0.313724256,Business Equipment & Supplies,Germany,65524
WPP.L,3.9365687,2.4365687,0.28307572,0.09649893,0.048582714,0.47537413,0.0,1.0,0.0,0.0,0.5,2025-09-22 15:10:23.563791,3.891096832,Advertising Agencies,United Kingdom,4745503
ELEC.PA,3.9016685,-0.59833133,0.04534196,0.1129095,0.017841201,0.60247046,1.0,1.0,1.0,1.0,0.5,2025-09-22 14:40:46.260730,1.089746688,Utilities - Renewable,France,1860
MED.DE,3.8969254,2.3969254,0.26650578,0.09633994,0.049154956,0.33421478,1.0,1.0,-0.5,0.0,0.0,2025-09-22 14:52:23.226815,0.1406,Medical Care Facilities,Germany,5844
WPP,3.8963351,2.3963351,0.2663096,0.09649893,0.048582714,0.47537413,0.0,1.0,0.0,0.0,0.5,2025-09-23 05:06:18.959807,5.592810496,Advertising Agencies,United Kingdom,498963
HP3A.DE,3.8835595,1.8835596,0.16661063,0.09983237,0.08164189,0.19104311,1.0,1.0,0.0,-0.5,0.5,2025-09-22 14:46:03.954914,0.086625624,Tools & Accessories,Germany,3882
ENI.MI,3.8741975,1.7741975,0.15523353,0.15211955,0.13176166,0.10544204,1.0,0.6,0.0,0.0,0.5,2025-09-22 14:41:13.247088,44.339646464,Oil & Gas Integrated,Italy,9819170
MEKO.ST,3.8689055,3.3689055,0.2187833,0.07930516,0.07246209,0.15536267,-0.5,1.0,0.0,-0.5,0.5,2025-09-22 14:52:25.271853,4.658719232,Auto Parts,Sweden,166457
GYL.OL,3.8524363,1.8524364,0.16582488,0.10216862,0.07798311,0.2611565,0.0,1.0,0.5,0.5,0.0,2025-09-22 14:45:08.799498,1.015137216,Publishing,Norway,33
CLI.MI,3.8494084,1.7494085,0.42762172,0.074145116,0.03259654,0.55153525,0.5,0.6,1.0,0.0,0.0,2025-09-22 14:37:59.955645,0.045507128,Packaged Foods,Italy,14916
RANA.OL,3.8464212,1.3464214,0.16439158,0.37084067,0.21504337,0.42106643,0.5,1.0,0.5,0.0,0.5,2025-09-22 14:59:54.392723,2.436490496,Steel,Norway,102077
ZAG.VI,3.8398001,2.7398,0.1912186,0.07366532,0.050181266,0.26054594,1.0,0.6,0.5,-0.5,-0.5,2025-09-22 15:10:52.231366,0.174643056,Electrical Equipment & Parts,Austria,19435
FLGT,3.8210921,2.0210922,0.26968926,0.27996168,0.074293576,0.83233714,1.0,0.8,1.0,-0.5,-0.5,2025-09-23 13:39:19.655764,0.681357312,Diagnostics & Research,United States,264617
DHL.DE,3.8089478,1.3089478,0.14635728,0.113798484,0.10360392,0.068237305,1.0,1.0,0.0,0.0,0.5,2025-09-22 14:39:35.732523,42.657595392,Integrated Freight & Logistics,Germany,1715932
IRWD,3.8,3.0,0.8845092,0.50217277,0.29466718,0.35431165,1.0,0.8,0.0,-0.5,-0.5,2025-09-23 19:31:06.336252,0.2322808,Drug Manufacturers - Specialty & Generic,United States,1459904
KREF,3.8,5.0,0.21722059,0.84298605,0.80766547,0.0429536,-1.0,0.8,-0.5,0.0,-0.5,2025-09-22 23:26:17.959267,0.619982656,REIT - Mortgage,United States,708182
VSTS,3.7982461,2.4982462,0.40327525,0.11130515,0.086656705,0.3437915,0.0,0.8,0.0,1.0,-0.5,2025-09-23 04:52:14.758350,0.547135616,Rental & Leasing Services,United States,2330477
MMB.PA,3.7882268,3.7882268,0.25788188,0.1311865,0.10348287,0.18262209,-0.5,1.0,-1.5,0.5,0.5,2025-09-22 14:52:42.175130,2.840447744,Specialty Retail,France,14305
E,3.7793422,1.6793423,0.15341903,0.15211955,0.13176166,0.10544204,1.0,0.6,0.0,0.0,0.5,2025-09-22 17:43:29.322955,52.79987712,Oil & Gas Integrated,Italy,251858
OVV,3.7752452,1.9752452,0.15278329,0.36526042,0.3101733,0.11252044,1.0,0.8,0.0,0.0,0.0,2025-09-23 01:58:07.500381,10.613071872,Oil & Gas E&P,United States,3217520
BCC,3.7726438,2.4726436,0.1826918,0.09350208,0.06518454,0.26755688,0.5,0.8,1.0,-1.0,0.0,2025-09-22 15:23:39.113082,2.96720896,Lumber & Wood Production,United States,369874
SEM.VI,3.7640688,1.6640687,0.2604864,0.19417672,0.059253853,0.997903,1.0,0.6,0.5,0.5,-0.5,2025-09-22 15:03:28.526286,0.262516592,Specialty Industrial Machinery,Austria,5381
ACCO,3.7639735,2.4639735,0.30219728,0.0694531,0.03984391,0.30482587,0.0,0.8,0.0,0.0,0.5,2025-09-22 15:16:27.106570,0.36954336,Business Equipment & Supplies,United States,597211
TEN.MI,3.7469373,-0.35306272,0.089933135,0.16048495,0.018259656,0.7791646,1.0,0.6,1.0,1.0,0.5,2025-09-22 15:06:53.764317,15.522761728,Oil & Gas Equipment & Services,Luxembourg,1854666
TS,3.7408965,-0.35910365,0.089252,0.16048495,0.018259656,0.7791646,1.0,0.6,1.0,1.0,0.5,2025-09-23 04:08:45.292437,18.436143104,Oil & Gas Equipment & Services,Luxembourg,1547893
INCH.L,3.7355528,2.7355528,0.17459226,0.060459834,0.054630555,0.06715548,-0.5,1.0,0.5,-0.5,0.5,2025-09-22 14:47:27.719895,2.499251712,Auto & Truck Dealerships,United Kingdom,765413
SNTIA.OL,3.7261257,1.7261257,0.19197425,0.119673446,0.08726617,0.3933406,0.0,1.0,1.0,0.0,0.0,2025-09-22 15:04:28.786523,6.8481408,Engineering & Construction,Norway,122391
INH.DE,3.7143764,2.7143764,0.19035697,0.09140898,0.06448557,0.25889957,0.0,1.0,0.0,-0.5,0.5,2025-09-22 14:47:34.080171,0.546457536,Conglomerates,Germany,29400
CKN.L,3.7110744,0.21107437,0.124432676,0.24869895,0.17342001,0.22131032,1.0,1.0,1.0,0.0,0.5,2025-09-22 14:37:51.288860,1.08432128,Marine Shipping,United Kingdom,54984
MEOH,3.7108762,2.4108763,0.1597657,0.20744227,0.17732602,0.11727431,0.5,0.8,0.0,0.0,0.0,2025-09-23 21:57:23.107488,3.026028032,Chemicals,Canada,524887
PDS,3.6917508,0.8917507,0.15541188,0.19985613,0.14108063,0.3239502,1.0,0.8,0.5,0.5,0.0,2025-09-23 02:06:32.328828,0.762498432,Oil & Gas Drilling,Canada,88525
ATT.ST,3.6824832,1.6824833,0.16160347,0.114446715,0.0919564,0.15993741,1.0,1.0,-0.5,0.5,0.0,2025-09-22 14:33:32.439777,10.340124672,Medical Care Facilities,Sweden,232457
PHAR.L,3.6727786,-0.32722136,0.09817806,0.25330594,0.08053691,0.514403,1.0,1.0,1.0,0.5,0.5,2025-09-22 14:58:09.606837,0.088133656,Oil & Gas E&P,United Kingdom,252667
DDI,3.6697068,1.0697069,0.17057021,0.2339276,0.07798902,0.6594055,0.0,0.6,1.0,1.0,0.0,2025-09-23 11:33:07.814305,0.465802304,Electronic Gaming & Multimedia,South Korea,56182
CASH.MC,3.650329,1.5503291,0.15095872,0.13689286,0.12542404,0.10931654,1.0,0.6,0.0,0.0,0.5,2025-09-22 14:37:02.069815,1.067419328,Integrated Freight & Logistics,Spain,513161
HYDRA.AS,3.649597,-0.35040316,0.09022987,0.109977454,0.01674636,0.5715059,1.0,1.0,0.5,1.0,0.5,2025-09-22 14:46:52.345423,0.23109864,Farm & Heavy Construction Machinery,Netherlands,55
SFPI.PA,3.6253839,0.12538396,0.123033434,0.071679786,0.04195631,0.29520056,1.0,1.0,1.0,0.0,0.5,2025-09-22 15:03:32.519926,0.220370992,Specialty Industrial Machinery,France,14819
PIHLIS.HE,3.6251905,1.1251906,0.1482184,0.111347035,0.09396638,0.19948323,1.0,1.0,0.0,0.5,0.0,2025-09-22 14:58:13.737537,0.377665664,Medical Care Facilities,Finland,22515
FXPO.L,3.5999112,2.0999112,0.49695438,0.23233849,0.09847385,0.63238263,0.5,1.0,1.0,-0.5,-0.5,2025-09-22 14:43:47.805330,0.321852608,Steel,Switzerland,3178825
EHLD,3.5997643,2.9997644,0.47628772,0.4852411,0.31721202,0.30011725,1.0,0.6,-1.5,0.0,0.5,2025-09-23 12:01:23.290335,0.019152982,Marine Shipping,Greece,14053
SESG.PA,3.5997276,2.9997277,0.47145572,0.92816436,0.5027486,0.57792884,0.0,0.6,0.5,0.0,-0.5,2025-09-22 15:03:30.630656,2.602577408,Broadcasting,Luxembourg,382019
GEO.MI,3.5993314,3.9993312,0.45109272,0.106944576,0.08509539,0.21696529,-0.5,0.6,0.0,0.0,-0.5,2025-09-22 14:44:05.921984,0.116991472,Footwear & Accessories,Italy,1025197
AVAP.L,3.59863,2.9986298,0.41758657,0.620471,0.49601224,0.31605074,0.0,0.6,-0.5,0.5,0.0,2025-09-22 14:33:43.957105,0.109383312,Rental & Leasing Services,Singapore,131487
ARISE.ST,3.5771675,0.077167556,0.122403055,0.5624641,0.41935483,0.3086914,1.0,1.0,0.5,0.5,0.5,2025-09-22 14:32:58.160691,1.30919936,Utilities - Renewable,Sweden,36926
MIKN.SW,3.5698233,-0.43017668,0.080353536,0.11962914,0.028289681,0.62383705,1.0,1.0,1.0,1.0,0.0,2025-09-22 14:52:38.715904,0.298599168,Specialty Industrial Machinery,Switzerland,9238
SGU,3.5593517,0.7593517,0.18289831,0.047266204,0.016898092,0.46094817,1.0,0.8,0.0,0.5,0.5,2025-09-23 03:04:17.930324,0.388154208,Oil & Gas Refining & Marketing,United States,45201
TMV.DE,3.5199847,2.5199847,0.15782776,0.37152994,0.36111042,0.03003244,0.0,1.0,0.0,0.0,0.0,2025-09-22 15:07:18.669316,1.334212352,Software - Application,Germany,812528
DAVA,3.5097907,2.0097907,0.2104931,0.120703794,0.06833623,0.486037,0.0,1.0,0.5,0.0,0.0,2025-09-22 17:22:53.544759,0.50416016,Software - Infrastructure,United Kingdom,1054871
BME.L,3.507793,3.4077928,0.22116314,0.12980013,0.105071686,0.1700248,0.5,0.6,-1.5,0.0,0.5,2025-09-22 14:35:32.054871,2.528676352,Discount Stores,Luxembourg,5737150
CTAC.AS,3.50126,1.50126,0.15720072,0.07624091,0.048575703,0.2451241,0.0,1.0,1.0,-0.5,0.5,2025-09-22 14:38:52.784033,0.04612574,Information Technology Services,Netherlands,6427
WLN.PA,3.5,3.0,0.7768755,0.20333235,0.13020575,0.3116934,0.0,1.0,0.5,-0.5,-0.5,2025-09-22 15:10:21.449200,0.734384064,Software - Infrastructure,France,2826170
VIH1.DE,3.5,5.0,0.2556377,0.71386904,0.61729205,0.11629165,-1.0,1.0,-1.5,0.0,0.0,2025-09-22 15:09:00.607028,0.300796768,Real Estate Services,Germany,11891
FNAC.PA,3.4986742,3.9986742,0.4282749,0.06069228,0.043588195,0.20481235,-0.5,1.0,0.0,-0.5,-0.5,2025-09-22 14:43:02.621280,0.835152832,Specialty Retail,France,28307
JBOG.PA,3.4974878,2.4974878,0.39128724,0.10131241,0.054885738,0.5077733,0.5,1.0,-0.5,0.5,-0.5,2025-09-22 14:48:27.051018,0.052527268,Household & Personal Products,France,1655
WISE.L,3.4851916,2.9851916,0.33813682,2.0,2.0,0.44522646,0.0,1.0,0.0,0.5,-1.0,2025-09-22 15:10:16.501405,10.892114944,Information Technology Services,United Kingdom,1389228
SMCP.PA,3.4827952,3.9827952,0.3427418,0.19377929,0.17180008,0.15669262,-0.5,1.0,0.0,0.0,-1.0,2025-09-22 15:04:19.862857,0.52101904,Apparel Retail,France,199969
MNRO,3.468882,3.6688821,0.24223663,0.12461693,0.098055355,0.22382261,-0.5,0.8,0.0,0.0,-0.5,2025-09-23 22:11:38.138276,0.54411776,Auto Parts,United States,936090
SIRI,3.4684029,3.168403,0.17254224,0.2135564,0.20013794,0.0645752,0.0,0.8,0.0,0.0,-0.5,2025-09-24 05:17:51.612060,7.761867264,Entertainment,United States,3685969
MARS.L,3.4647117,2.4647117,0.3028943,0.16166027,0.08638287,0.36565426,-0.5,1.0,-0.5,1.0,0.0,2025-09-22 14:52:01.555183,0.238614592,Restaurants,United Kingdom,1214143
CEN.PA,3.4646122,1.4646122,0.1720118,0.04980792,0.037997577,0.21279062,0.0,1.0,1.0,-0.5,0.5,2025-09-22 14:37:19.126208,0.621605632,Staffing & Employment Services,France,794
ZD,3.4568975,3.1568975,0.1876038,0.27987602,0.23457143,0.21315461,0.0,0.8,0.5,0.0,-1.0,2025-09-24 08:27:44.422844,1.503166464,Advertising Agencies,United States,592023
TRMD,3.4365034,-0.56349665,0.074494265,0.37123042,0.077393904,0.5761131,1.0,1.0,0.5,1.0,0.5,2025-09-24 07:05:22.450892,2.175539968,Oil & Gas Midstream,United Kingdom,785587
OLVAS.HE,3.4330113,-0.56698865,0.054747034,0.12106313,0.044328857,0.5074503,0.5,1.0,1.0,1.0,0.5,2025-09-22 14:56:30.380900,0.626335296,Beverages - Brewers,Finland,8711
JILL,3.4285104,3.6285102,0.1970649,0.11476924,0.10412586,0.09964466,-0.5,0.8,-0.5,0.0,0.0,2025-09-22 22:41:09.710615,0.282321952,Apparel Retail,United States,104673
RYI,3.426238,1.6262381,0.24778828,0.05036203,0.0061670747,0.65528655,1.0,0.8,0.0,0.5,-0.5,2025-09-23 02:52:14.049398,0.72672928,Metal Fabrication,United States,246741
TGNA,3.421047,2.621047,0.1744771,0.20948048,0.1677019,0.16051486,0.0,0.8,0.0,0.0,0.0,2025-09-23 03:41:45.851086,3.38788864,Broadcasting,United States,2959250
BCHN.SW,3.4044802,-0.5955197,0.0462912,0.13824806,0.018313814,0.62341243,1.0,1.0,1.0,1.0,0.0,2025-09-22 14:34:12.731961,2.078164992,Specialty Industrial Machinery,Switzerland,6198
FC,3.4041364,1.6041365,0.15968996,0.18549512,0.12739865,0.2102358,0.5,0.8,1.0,0.5,-1.0,2025-09-22 18:26:02.081288,0.250687328,Education & Training Services,United States,140679
MMLP,3.4026418,1.6026417,0.24163152,0.07423515,0.015848806,0.92658436,1.0,0.8,0.0,0.5,-0.5,2025-09-23 22:09:23.450479,0.12216432,Oil & Gas Midstream,United States,17277
ULTP.L,3.3975573,1.3975574,0.2094547,0.07959299,0.029379146,0.50734365,-0.5,1.0,0.5,0.5,0.5,2025-09-22 15:08:27.353516,0.051311812,"Furnishings, Fixtures & Appliances",United Kingdom,371411
BMY,3.3928518,1.5928518,0.14670926,0.3137296,0.28306505,0.087228075,1.0,0.8,-0.5,0.0,0.5,2025-09-22 15:26:30.840900,91.635318784,Drug Manufacturers - General,United States,12140238
LYB,3.3779652,3.5779653,0.23356932,0.12573107,0.09475957,0.23790404,0.5,0.8,0.0,-0.5,-1.0,2025-09-22 23:43:08.122842,16.436233216,Specialty Chemicals,United States,4585095
OXM,3.3743908,2.574391,0.18581231,0.13643739,0.08898867,0.26927513,-0.5,0.8,0.0,0.0,0.5,2025-09-23 01:58:52.982321,0.639140928,Apparel Manufacturing,United States,466855
CE,3.3643496,3.5643497,0.23242316,0.16535282,0.09396887,0.2986375,0.5,0.8,-0.5,-0.5,-0.5,2025-09-22 16:41:13.864207,4.76286464,Chemicals,United States,2096460
FUR.AS,3.3547764,-0.64522356,0.07726159,0.120673455,0.06239272,0.5139033,1.0,1.0,0.5,1.0,0.5,2025-09-22 14:43:46.665052,1.12037888,Oil & Gas Equipment & Services,Netherlands,640067
SOMA.OL,3.3403635,-0.15963644,0.109988935,0.41787258,0.1732922,0.48883906,1.0,1.0,0.0,1.0,0.5,2025-09-22 15:04:44.280280,11.424551936,Marine Shipping,Norway,323715
BRM.DE,3.3265479,1.5265478,0.14565334,0.3137296,0.28306505,0.087228075,1.0,0.8,-0.5,0.0,0.5,2025-09-22 14:36:16.459604,78.343929856,Drug Manufacturers - General,United States,2275
DRX.L,3.3224308,-0.17756926,0.10648258,0.08361969,0.026712796,0.5980082,1.0,1.0,0.5,0.5,0.5,2025-09-22 14:40:13.468862,2.339115008,Utilities - Renewable,United Kingdom,1292102
RWE.DE,3.3,-0.7,-0.02188263,0.19500522,0.062631786,0.5622304,1.0,1.0,0.5,1.0,0.5,2025-09-22 15:01:31.366292,25.73959168,Utilities - Diversified,Germany,1530253
SJ,3.299766,2.499766,0.47044587,0.054909438,0.02946412,0.35133475,0.0,0.3,1.0,-0.5,0.0,2025-09-24 05:18:31.827730,0.025411128,Internet Content & Information,China,36474
ORIOLA.HE,3.2915673,0.29156736,0.14408109,0.0269062,0.006426563,0.67748207,1.0,1.0,1.0,0.5,-0.5,2025-09-22 14:56:46.756234,0.221923648,Pharmaceutical Retailers,Finland,72634
HLX,3.287675,-0.012325118,0.11863089,0.1303349,0.05853625,0.47141817,1.0,0.8,0.5,1.0,0.0,2025-09-22 21:52:59.662902,0.937767936,Oil & Gas Equipment & Services,United States,1713757
EMBC,3.2750905,1.9750905,0.25383866,0.21217588,0.03178702,0.90696657,1.0,0.8,0.0,-1.0,0.5,2025-09-23 12:21:25.794075,0.85329792,Medical Instruments & Supplies,United States,620501
LUMN,3.2730794,2.4730794,0.21472453,0.2700184,0.14838222,0.31776103,0.0,0.8,0.0,0.5,-0.5,2025-09-22 23:41:09.078168,6.382596608,Telecom Services,United States,13875965
HAW.DE,3.2623239,0.7623238,0.15046948,0.06558165,0.041430272,0.3475271,0.5,1.0,0.0,0.5,0.5,2025-09-22 14:45:23.856978,0.194939856,Beverages - Wineries & Distilleries,Germany,1124
DIN,3.2605677,2.4605677,0.29915333,0.15192746,0.09823599,0.33357185,-0.5,0.8,0.0,0.0,0.5,2025-09-22 17:30:14.184730,0.351878912,Restaurants,United States,497674
WFG,3.2591722,1.4591722,0.21682498,0.18840396,0.0813449,0.6272591,0.5,0.8,1.0,0.0,-0.5,2025-09-23 05:00:24.422614,5.61397504,Lumber & Wood Production,Canada,243692
CNA.L,3.2476935,1.2476934,0.16949725,0.08158175,0.05534729,0.35583,1.0,1.0,1.0,-0.5,-0.5,2025-09-22 14:38:04.948233,7.793636864,Utilities - Independent Power Producers,United Kingdom,19589909
MFEB.MI,3.231564,1.6315639,0.14732498,0.29553753,0.2761419,0.11517712,0.0,0.6,0.5,0.0,0.5,2025-09-22 14:52:32.796827,2.574241024,Broadcasting,Italy,570627
MFEA.MI,3.231564,1.6315639,0.14732498,0.29553753,0.2761419,0.11517712,0.0,0.6,0.5,0.0,0.5,2025-09-22 14:52:32.633304,2.574241024,Broadcasting,Italy,2410046
LNTH,3.2203639,-0.57963616,0.072288126,0.25468746,0.12679912,0.38599083,1.0,0.8,1.0,1.0,0.0,2025-09-23 21:09:17.337623,3.558813952,Drug Manufacturers - Specialty & Generic,United States,1575231
CBOT.PA,3.1809797,2.6809797,0.23328626,0.38982624,0.21246588,0.3179527,-1.0,1.0,0.0,0.0,0.5,2025-09-22 14:37:12.809395,0.12911176,Real Estate - Diversified,France,13775
BONHR.OL,3.1631668,1.6631668,0.14782727,0.21788937,0.1940155,0.13610572,0.0,1.0,0.0,0.5,0.0,2025-09-22 14:35:48.516185,9.676005376,Conglomerates,Norway,16104
ZIP,3.1619024,3.3619025,0.21836844,0.14828971,0.096487135,0.27487665,0.0,0.8,0.0,-0.5,-0.5,2025-09-23 05:16:36.203491,0.432523584,Internet Content & Information,United States,1131503
ESP,3.151052,-0.6489479,0.021668706,0.11842092,0.021453204,0.9246048,1.0,0.8,1.0,1.0,0.0,2025-09-22 15:12:22.239524,0.130216088,Electrical Equipment & Parts,United States,32222
AKRBP.OL,3.1409109,1.1409107,0.15768178,0.531575,0.39816642,0.30197564,1.0,1.0,0.5,0.0,-0.5,2025-09-22 14:31:53.221722,156.3553792,Oil & Gas E&P,Norway,910961
SMC,3.1258888,2.8258886,0.25469354,0.27490065,0.14378089,0.3989384,1.0,0.8,-0.5,-0.5,-0.5,2025-09-23 03:11:27.957646,0.269443424,Oil & Gas Midstream,United States,108596
CURY.L,3.11521,2.11521,0.2017579,0.041958056,0.030425964,0.2114081,-0.5,1.0,0.5,0.0,0.0,2025-09-22 14:39:03.392246,1.432409856,Specialty Retail,United Kingdom,3196674
DOW,3.1144054,2.8144054,0.19382095,0.110786445,0.06782422,0.26475614,0.5,0.8,0.0,-0.5,-0.5,2025-09-22 17:35:40.474570,16.342402048,Chemicals,United States,15377112
SOP.PA,3.10411,1.60411,0.15198363,0.10628174,0.09872187,0.080976725,0.0,1.0,0.5,0.0,0.0,2025-09-22 15:04:45.830691,3.161031168,Information Technology Services,France,31244
PDL.L,3.1,2.1,1.1253157,0.26500455,0.11444142,0.6829388,0.5,1.0,0.0,0.0,-0.5,2025-09-22 14:57:51.814232,0.03689834,Other Precious Metals & Mining,United Kingdom,288010
OCI.AS,3.1,2.1,1.1823531,0.51608545,0.06983899,0.7253845,0.5,1.0,1.0,-1.0,-0.5,2025-09-22 14:56:16.353942,1.012930688,Specialty Chemicals,Netherlands,519132
BWLPG.OL,3.0965707,-0.0034291777,0.11937358,0.2390614,0.1741784,0.26871243,1.0,0.6,0.5,0.5,0.5,2025-09-22 14:36:34.251062,23.337037824,Marine Shipping,Singapore,515341
HDP.PA,3.0953581,2.0953581,0.36498258,0.23611182,0.117067404,0.4540572,-0.5,1.0,0.0,1.0,-0.5,2025-09-22 14:45:27.561445,0.015069441,Lodging,France,482
AAG.DE,3.094375,0.0943748,0.12374578,0.107771166,0.061473493,0.35701013,1.0,1.0,1.0,0.0,0.0,2025-09-22 12:29:30.658630,0.177307056,Specialty Industrial Machinery,Germany,9718
CAL,3.086008,3.286008,0.21410863,0.053125095,0.03840403,0.28939858,-0.5,0.8,0.0,-0.5,0.0,2025-09-22 16:33:28.769067,0.4782,Apparel Retail,United States,782542
FME.DE,3.0846124,0.58461237,0.13214932,0.12789181,0.11173199,0.102291495,1.0,1.0,0.0,0.0,0.5,2025-09-22 14:42:59.518032,12.693064704,Medical Care Facilities,Germany,502280
ECONB.BR,3.0792966,1.4792967,0.21952446,0.030610489,0.017828813,0.49938646,0.0,0.6,0.0,0.5,0.5,2025-09-22 14:40:25.773121,0.2795816,Information Technology Services,Belgium,21389
NVM.DE,3.075792,3.975792,0.3313169,0.11203742,0.07636334,0.26148325,-0.5,0.6,-0.5,-0.5,0.0,2025-09-22 14:55:52.932741,0.161363648,Auto Parts,Luxembourg,3093
BWLP,3.0692713,-0.03072867,0.118706465,0.2390614,0.1741784,0.26871243,1.0,0.6,0.5,0.5,0.5,2025-09-22 16:27:39.560017,2.363131648,Marine Shipping,Singapore,369920
PNOR.OL,3.0659003,-0.9340997,0.091312304,0.24709056,0.18666579,0.18792906,1.0,1.0,1.0,0.5,0.5,2025-09-22 14:58:30.320874,1.440651264,Oil & Gas E&P,Norway,143336
HEIO.AS,3.0604494,1.5604492,0.15115152,0.16938709,0.14590606,0.12724575,0.5,1.0,-0.5,0.0,0.5,2025-09-22 14:45:30.175645,16.308137984,Beverages - Brewers,Netherlands,182411
FMS,3.0528665,0.55286646,0.13149858,0.12789181,0.11173199,0.102291495,1.0,1.0,0.0,0.0,0.5,2025-09-22 21:05:25.154470,15.04941056,Medical Care Facilities,Germany,314928
SSP,3.05,1.75,0.785585,0.10627685,0.048673477,0.3957128,0.0,0.8,-0.5,1.0,0.0,2025-09-24 06:02:01.573785,0.252632752,Broadcasting,United States,729371
SEAT,3.0499513,1.7499514,0.51092654,0.17422743,0.023947397,0.96116257,0.0,0.8,0.0,1.0,-0.5,2025-09-24 04:48:28.910058,0.161071584,Internet Content & Information,United States,153390
FONR,3.0433009,0.24330096,0.12626724,0.16317101,0.13698225,0.20657341,1.0,0.8,1.0,0.0,0.0,2025-09-23 16:33:28.945196,0.095703376,Diagnostics & Research,United States,19988
PAGE.L,3.0391388,3.0391388,0.18146172,0.08314381,0.07283472,0.121900424,0.0,1.0,0.5,-0.5,-1.0,2025-09-22 14:57:27.399511,0.694340672,Staffing & Employment Services,United Kingdom,624236
TE.PA,3.0386496,-0.46135038,0.075787924,0.09086936,0.029352307,0.59368694,1.0,1.0,1.0,0.5,0.0,2025-09-22 15:06:55.685252,6.971757056,Oil & Gas Equipment & Services,France,272303
DLHC,3.0348043,1.7348044,0.3192205,0.08509609,0.0031454577,0.88644683,0.0,0.8,0.0,0.5,0.0,2025-09-23 11:39:55.968149,0.080564216,Specialty Business Services,United States,45933
HDD.DE,3.0290737,-0.47092637,0.00041072982,0.0310136,0.013552361,0.51000893,1.0,1.0,1.0,0.5,0.0,2025-09-22 14:45:26.788005,0.60867264,Specialty Industrial Machinery,Germany,1213015
SOLB.BR,3.0248458,2.924846,0.28350806,0.20489793,0.11988304,0.46683285,0.5,0.6,0.0,-0.5,-0.5,2025-09-22 15:04:43.349721,2.766235136,Chemicals,Belgium,234480
AEP.L,3.023721,-0.47627914,0.084742844,0.21422672,0.08599349,0.4477367,0.5,1.0,1.0,1.0,0.0,2025-09-22 14:31:21.268873,0.513310528,Farm Products,United Kingdom,46140
VER.VI,3.0187404,-0.5812596,0.072059445,0.27405873,0.020550394,0.7594947,1.0,0.6,0.5,1.0,0.5,2025-09-22 15:08:48.727205,20.705974272,Utilities - Renewable,Austria,114210
FF,3.0071676,1.2071676,0.16782916,0.10734445,0.057838425,0.3401589,0.5,0.8,1.0,0.0,-0.5,2025-09-22 18:29:05.535068,0.17236576,Specialty Chemicals,United States,228965
GRVY,3.0067635,1.4067636,0.14822365,0.18264262,0.15684493,0.12397009,0.0,0.6,1.0,0.0,0.0,2025-09-23 17:39:10.568832,0.442228,Electronic Gaming & Multimedia,South Korea,11768
HIAB.HE,3.0039022,-0.4960977,0.07002304,0.14729983,0.016953243,0.9447967,1.0,1.0,1.0,1.0,-0.5,2025-09-22 14:45:40.368790,3.19109248,Farm & Heavy Construction Machinery,Finland,58471
VBSN.SW,3.0,-1.0,0.04055091,0.11431641,-0.01742939,0.88394725,1.0,1.0,1.0,1.0,0.0,2025-09-22 15:08:42.454535,0.3408,Medical Instruments & Supplies,Switzerland,363
AMUND.AS,3.0,2.5,1.4768963,0.13526198,0.0941777,0.30140314,0.0,1.0,0.0,0.0,-0.5,2025-09-22 14:32:22.712570,0.002087655,Information Technology Services,Netherlands,516
ALKS,2.9989016,-0.6010985,0.04438289,0.15719692,0.01892795,0.79386467,1.0,0.6,1.0,1.0,0.0,2025-09-23 05:54:49.770072,4.587516928,Drug Manufacturers - Specialty & Generic,Ireland,1956776
CIG,2.997841,0.5978408,0.1354355,0.15444534,0.10952268,0.24269505,1.0,0.4,0.5,0.0,0.5,2025-09-22 16:47:00.715714,6.786400768,Utilities - Diversified,Brazil,2388963
EAT.WA,2.9954767,4.895477,0.28964037,0.16719957,0.15236881,0.08772273,-0.5,0.6,-1.5,0.0,-0.5,2025-09-22 14:40:23.781864,3.126174976,Restaurants,Spain,90806
SRAIL.SW,2.9954312,0.9954312,0.15941179,0.14874472,0.08797194,0.4784793,1.0,1.0,1.0,0.0,-1.0,2025-09-22 15:05:01.397188,2.0199776,Railroads,Switzerland,173343
GDS.PA,2.9885614,2.4885614,0.34067467,0.109489955,0.061032318,0.3006044,1.0,1.0,-1.5,0.5,-0.5,2025-09-22 14:44:00.990412,1.074925824,Medical Care Facilities,France,305
PCA.L,2.9881527,1.9881527,0.2576748,0.42330572,0.056176335,0.61889714,-1.0,1.0,1.0,1.0,-1.0,2025-09-22 14:57:45.140745,0.04429226,REIT - Diversified,United Kingdom,81326
GSP.MI,2.9869099,-0.61309016,0.067290306,0.24921137,0.12092842,0.39044914,1.0,0.6,0.5,1.0,0.5,2025-09-22 14:44:59.738805,0.249237232,Oil & Gas E&P,Italy,186906
TFI.PA,2.9817188,0.48171884,0.13044424,0.2309752,0.18475097,0.19182846,0.0,1.0,1.0,0.0,0.5,2025-09-22 15:06:57.428504,1.805369088,Broadcasting,France,154090
NTH.MC,2.9788163,-0.12118373,0.1145884,0.26643202,0.13543117,0.43708605,0.5,0.6,1.0,0.5,0.5,2025-09-22 14:55:49.445840,0.117500984,Packaged Foods,Spain,31763
ACDC,2.9747255,0.6747254,0.15818927,0.15160254,0.057131704,0.4346989,1.0,0.8,0.0,1.0,-0.5,2025-09-23 05:24:50.514102,0.654753664,Oil & Gas Equipment & Services,United States,1324855
SNI.OL,2.9707537,0.4707536,0.13617845,0.20435739,0.14239585,0.3689502,1.0,1.0,0.0,0.0,0.5,2025-09-22 15:04:27.377556,23.173947392,Marine Shipping,United Kingdom,60355
SPH,2.9660373,0.6660372,0.13712904,0.15031894,0.12099788,0.15234783,1.0,0.8,0.0,0.0,0.5,2025-09-23 03:18:55.154647,1.192923904,Utilities - Regulated Gas,United States,123784
EAT.MC,2.9543014,4.8543015,0.2783697,0.16719957,0.15236881,0.08772273,-0.5,0.6,-1.5,0.0,-0.5,2025-09-22 14:40:23.073121,0.762834496,Restaurants,Spain,9176
ARLP,2.953137,0.65313697,0.13132198,0.31358013,0.27366057,0.085983016,1.0,0.8,0.0,0.0,0.5,2025-09-23 06:19:08.138742,3.037322752,Thermal Coal,United States,338882
PNL.AS,2.9530985,2.4530985,0.29329923,0.08198674,0.051660515,0.40949145,1.0,1.0,0.0,-1.0,-0.5,2025-09-22 14:58:28.883985,0.490113824,Integrated Freight & Logistics,Netherlands,2442980
ILM1.DE,2.947697,-0.052303165,0.114300676,0.029170139,0.009192566,0.5585858,1.0,1.0,0.5,0.5,0.0,2025-09-22 14:47:19.690662,0.357080128,Medical Distribution,Germany,35107
DORO.ST,2.943463,-0.556537,0.057419162,0.10497986,0.020777222,0.6444932,0.0,1.0,1.0,1.0,0.5,2025-09-22 14:40:08.467943,0.956997568,Communication Equipment,Sweden,5109
AGRO,2.9360976,2.3360975,0.1682202,0.2839135,0.21616268,0.18138985,0.5,0.6,0.0,0.0,-0.5,2025-09-22 15:18:06.873306,0.790548608,Farm Products,Luxembourg,477604
KRN.DE,2.9324205,-0.56757945,0.05459015,0.080176115,0.029153029,0.45004368,1.0,1.0,1.0,0.5,0.0,2025-09-22 14:50:03.976222,3.835398912,Specialty Industrial Machinery,Germany,26447
WHD,2.917419,-0.88258106,0.06653223,0.22665475,0.145373,0.3555252,1.0,0.8,1.0,1.0,0.0,2025-09-23 05:01:03.465038,2.677848576,Oil & Gas Equipment & Services,United States,646936
FPE.DE,2.9146833,-0.5853167,0.049542386,0.09009099,0.037514653,0.5789993,0.5,1.0,1.0,0.5,0.5,2025-09-22 14:43:23.231833,4.531473408,Specialty Chemicals,Germany,21882
FPE3.DE,2.9141526,-0.5858474,0.049380217,0.09009099,0.037514653,0.5789993,0.5,1.0,1.0,0.5,0.5,2025-09-22 14:43:22.897515,4.5463552,Specialty Chemicals,Germany,80160
QUAD,2.9101875,3.1101875,0.23161426,0.046579827,0.042249832,0.07033603,0.0,0.8,0.0,-0.5,-0.5,2025-09-23 02:30:18.731879,0.338170016,Specialty Business Services,United States,258947
KSB3.DE,2.9030352,-0.5969649,0.04580638,0.06519468,0.0008195425,0.6850253,1.0,1.0,1.0,0.5,0.0,2025-09-22 14:50:10.259003,1.62128064,Specialty Industrial Machinery,Germany,1085
KSB.DE,2.9030352,-0.59696484,0.045806408,0.06519468,0.0008195425,0.6850253,1.0,1.0,1.0,0.5,0.0,2025-09-22 14:50:10.422532,1.621279744,Specialty Industrial Machinery,Germany,82
EUR.WA,2.8999982,2.7999983,0.6365082,0.029905926,0.02428314,0.15216295,0.5,0.6,0.0,-0.5,-0.5,2025-09-22 14:41:57.442135,1.13000576,Grocery Stores,Poland,149921
BLDR,2.895049,1.0950493,0.1475,0.12378142,0.08764259,0.2432059,1.0,0.8,0.0,0.0,0.0,2025-09-22 15:25:30.396775,13.724401664,Building Products & Equipment,United States,2152895
ALLEI.ST,2.8938692,-0.60613096,0.042570826,0.08408746,0.037326813,0.3959991,0.5,1.0,1.0,0.5,0.5,2025-09-22 14:32:04.509857,17.62357248,Steel,Sweden,355716
STG.CO,2.888591,1.2885911,0.15211001,0.15790951,0.12813506,0.16145374,0.5,0.6,0.0,0.0,0.5,2025-09-22 15:05:37.830040,7.03881984,Tobacco,Denmark,109570
CRTO,2.887548,0.88754797,0.13821295,0.11836949,0.097999096,0.13170063,0.0,1.0,1.0,0.0,0.0,2025-09-23 11:12:48.332398,1.16899328,Advertising Agencies,France,409623
GSJ.MC,2.8826487,0.7826487,0.15124391,0.054547355,0.028936664,0.49726865,0.0,0.6,1.0,0.5,0.0,2025-09-22 14:44:59.085831,0.436325024,Engineering & Construction,Spain,52208
NEA.MC,2.8825595,-0.71744055,0.06891825,0.118225485,0.074794516,0.51478034,1.0,0.6,1.0,0.5,0.5,2025-09-22 14:54:43.094144,0.117915064,Specialty Industrial Machinery,Spain,5513
JCQ.PA,2.8738127,0.8738126,0.16952254,0.050985225,0.003966008,0.93251735,0.5,1.0,0.5,0.5,-0.5,2025-09-22 14:48:27.877274,0.390568992,Steel,France,4405
SSPG.L,2.8712826,2.3712826,0.16695201,0.16956578,0.15643731,0.1128748,-0.5,1.0,0.0,0.5,-0.5,2025-09-22 15:05:16.825149,1.249011584,Restaurants,United Kingdom,1966936
WTI,2.8708258,2.0708258,0.30343017,0.23451535,0.11335127,0.44738367,1.0,0.8,0.0,-0.5,-0.5,2025-09-23 05:08:30.098152,0.264043456,Oil & Gas E&P,United States,1467666
AVOL.SW,2.8682945,4.3682947,0.22702213,0.19180362,0.17321347,0.10363707,-0.5,1.0,-1.5,0.5,-1.0,2025-09-22 14:33:44.587135,6.63514624,Specialty Retail,Switzerland,188597
BMRN,2.8659875,-0.93401253,0.018266015,0.12885475,0.06583056,0.5001161,1.0,0.8,1.0,1.0,0.0,2025-09-23 09:51:10.106461,10.357267456,Biotechnology,United States,2123100
EVN.VI,2.8576262,-0.74237376,0.037625045,0.243799,0.037171975,0.595406,1.0,0.6,0.5,1.0,0.5,2025-09-22 14:41:58.651145,4.163450112,Utilities - Diversified,Austria,40807
BKW.SW,2.8572235,-0.6427764,0.025558542,0.118873544,0.004171598,0.6479479,1.0,1.0,0.5,1.0,0.0,2025-09-22 14:35:29.689671,8.584214016,Utilities - Renewable,Switzerland,42891
ENI.DE,2.852334,1.752334,0.15481472,0.15211955,0.13176166,0.10544204,1.0,0.6,0.0,0.0,-0.5,2025-09-22 14:41:13.061922,44.459597824,Oil & Gas Integrated,Italy,15618
THRY,2.8510063,3.051006,0.20298122,0.13683856,0.10893933,0.18087786,0.0,0.8,0.0,-0.5,-0.5,2025-09-24 06:34:06.920473,0.53470464,Internet Content & Information,United States,515395
KARN.SW,2.8493426,-0.65065753,0.020509578,0.11296539,0.018387552,0.59927773,1.0,1.0,1.0,1.0,-0.5,2025-09-22 14:49:05.867068,2.518335232,Specialty Industrial Machinery,Switzerland,13628
NTG.DE,2.8419895,-0.15801041,0.11168115,0.14288644,0.08111506,0.30132774,0.5,1.0,0.5,1.0,0.0,2025-09-22 14:55:49.327442,0.11968,Specialty Chemicals,Germany,2812
ARP.ST,2.8392515,2.2392516,0.23398472,0.09537863,0.054850608,0.40694422,0.5,0.6,1.0,-1.0,-0.5,2025-09-22 14:33:00.439693,1.578224768,Paper & Paper Products,Poland,46240
SEFER.PA,2.8324537,1.3324536,0.20275345,0.08774539,0.027349008,0.49626547,1.0,1.0,0.0,0.5,-1.0,2025-09-22 15:03:22.957363,0.076523976,Building Products & Equipment,France,6110
GASS,2.8318005,0.2318004,0.12802452,0.4668212,0.27321866,0.31972903,1.0,0.6,0.5,0.5,0.0,2025-09-23 17:08:03.403431,0.259386384,Marine Shipping,Greece,115434
SU,2.8277156,0.027715571,0.11999404,0.2692848,0.23644792,0.11595277,1.0,0.8,0.5,0.0,0.5,2025-09-23 03:28:54.479416,50.689441792,Oil & Gas Integrated,Canada,4033076
CCSI,2.8232334,2.0232332,0.18979642,0.38855886,0.22942592,0.48731083,0.0,0.8,0.0,0.0,0.0,2025-09-23 10:24:52.423684,0.5495744,Software - Infrastructure,United States,139030
RHI,2.8144362,1.5144362,0.15027498,0.08956479,0.07082135,0.14282307,0.0,0.8,1.0,-1.0,0.5,2025-09-23 02:40:11.825752,3.550679296,Staffing & Employment Services,United States,1978331
BMS.L,2.8121216,0.8121216,0.16592163,0.105532564,0.03392449,0.7735801,1.0,1.0,0.5,-0.5,0.0,2025-09-22 14:35:32.616976,0.07617,Marine Shipping,United Kingdom,102960
IBG.MC,2.8083115,-0.29168862,0.09634992,0.13946795,0.05468819,0.4500321,0.5,0.6,1.0,0.5,0.5,2025-09-22 14:47:01.875654,0.214213984,Paper & Paper Products,Spain,4260
OMSE,2.8049407,0.20494068,0.12522759,0.15468358,0.10513841,0.27925503,1.0,0.6,1.0,0.0,0.0,2025-09-24 01:47:08.253385,0.200357872,Oil & Gas Equipment & Services,Singapore,89577
CELL.MI,2.8005745,0.70057446,0.15962131,0.10532252,0.035519164,0.56378096,-0.5,0.6,0.5,1.0,0.5,2025-09-22 14:37:18.256126,0.060657624,Auto Parts,Italy,27909
AMCX,2.7999706,2.4999707,0.5396993,0.083915904,0.046618674,0.5827064,0.0,0.8,-0.5,0.5,-0.5,2025-09-23 06:00:22.312540,0.341864448,Entertainment,United States,567568
DVA,2.796905,0.9969051,0.14035042,0.15708312,0.13476178,0.09987354,1.0,0.8,0.0,0.0,0.0,2025-09-22 17:40:08.085643,9.277124608,Medical Care Facilities,United States,845628
CRI,2.7938416,1.4938415,0.2215871,0.09728416,0.027503375,0.6534933,-0.5,0.8,0.0,0.5,0.5,2025-09-22 17:07:38.209107,1.117739904,Apparel Retail,United States,1573271
MSLH.L,2.7825155,0.2825156,0.1252419,0.117395386,0.1112167,0.045675207,0.5,1.0,0.5,0.0,0.5,2025-09-22 14:53:17.530110,0.440974624,Building Materials,United Kingdom,1027460
GTT.PA,2.78247,-1.7175299,0.03427805,0.54946524,0.45374137,0.17299466,1.0,1.0,1.0,1.0,0.5,2025-09-22 14:45:00.503382,5.748241408,Oil & Gas Equipment & Services,France,81839
LPG,2.7769961,0.97699606,0.1407546,0.54753584,0.43284422,0.20648162,1.0,0.8,0.5,0.0,-0.5,2025-09-22 23:38:54.970599,1.350653312,Oil & Gas Midstream,United States,595258
ERIC,2.7737741,-0.22622585,0.10239288,0.12392296,0.027252601,0.57701117,0.0,1.0,0.5,1.0,0.5,2025-09-23 12:58:13.310223,26.97715712,Communication Equipment,Sweden,14246133
HMR,2.7678957,0.6678957,0.14260139,0.3219419,0.23348299,0.44552234,1.0,0.6,1.0,0.0,-0.5,2025-09-23 17:58:09.041094,0.07718872,Marine Shipping,Greece,130582
ROCK,2.7628446,-0.53715533,0.06192442,0.095706776,0.017219206,0.6605884,1.0,0.8,1.0,0.5,0.0,2025-09-24 04:26:19.789019,1.80507136,Building Products & Equipment,United States,235030
ERIBR.HE,2.7613473,-0.23865272,0.101297945,0.12392296,0.027252601,0.57701117,0.0,1.0,0.5,1.0,0.5,2025-09-22 14:41:41.705966,22.969348096,Communication Equipment,Sweden,1634
BOUV.OL,2.7611241,-0.73887587,0.066067144,0.14326026,0.10432057,0.35251984,0.0,1.0,1.0,1.0,0.5,2025-09-22 14:35:58.725191,6.835549696,Information Technology Services,Norway,75170
JIN.OL,2.76,-0.84,-0.265172,0.48711574,0.19475253,0.4410146,1.0,0.6,0.5,1.0,0.5,2025-09-22 14:48:48.223321,0.67740544,Marine Shipping,Hong Kong,46148
ASC.MI,2.76,-0.84,-0.0075882482,0.43571478,0.03389493,0.62713456,1.0,0.6,0.5,1.0,0.5,2025-09-22 14:33:04.506642,0.653642304,Utilities - Regulated Gas,Italy,92897
LEG,2.7549913,3.4549913,0.22424433,0.078551285,0.05348342,0.28174198,-0.5,0.8,-0.5,-0.5,0.0,2025-09-22 23:33:41.892704,1.241168512,"Furnishings, Fixtures & Appliances",United States,2271704
SIGA,2.7459817,-0.55401826,0.07573659,0.37266973,0.08599234,0.6491714,1.0,0.8,1.0,0.5,0.0,2025-09-24 05:00:37.871249,0.6487504,Drug Manufacturers - Specialty & Generic,United States,505380
LXFR,2.73146,-0.56854,0.05433367,0.075662315,0.037553143,0.51737773,1.0,0.8,0.5,0.5,0.5,2025-09-22 15:13:32.758349,0.376838176,Specialty Industrial Machinery,United States,128792
ZDGE,2.7313719,0.93137175,0.16386412,0.31526652,0.11607503,0.6048542,0.0,0.8,1.0,0.5,-0.5,2025-09-22 15:15:57.769429,0.04075938,Internet Content & Information,United States,68871
SAMS.PA,2.7306993,2.7306993,0.17448671,0.067006856,0.056325447,0.13575263,0.0,1.0,0.0,-0.5,-0.5,2025-09-22 15:02:13.151451,0.44487056,Industrial Distribution,France,202
LIN.PA,2.7297053,0.72970533,0.1356911,0.2724136,0.22046484,0.1504508,0.0,1.0,0.5,0.0,0.5,2025-09-22 14:50:43.650646,0.27231152,Software - Application,France,715
DEC,2.7058558,2.905856,0.27584472,0.35676265,0.20202892,0.34301782,1.0,0.8,-1.5,0.0,-0.5,2025-09-22 17:26:39.453523,1.088596992,Oil & Gas Integrated,United States,418111
DEC.L,2.7048192,2.9048193,0.27547133,0.35676265,0.20202892,0.34301782,1.0,0.8,-1.5,0.0,-0.5,2025-09-22 14:39:25.986512,0.80765856,Oil & Gas Integrated,United States,161148
PTEN,2.691476,-0.10852379,0.11183612,0.18635023,0.07036868,0.42038253,1.0,0.8,0.5,1.0,-0.5,2025-09-24 02:45:02.434240,2.114569472,Oil & Gas Drilling,United States,9011774
MMT.PA,2.6855593,0.6855592,0.14316854,0.23267916,0.15176937,0.3114036,0.0,1.0,1.0,-0.5,0.5,2025-09-22 14:52:49.648612,1.61907072,Broadcasting,France,97958
FELE,2.6833436,-0.6166564,0.038457945,0.10250141,0.049749695,0.45879465,1.0,0.8,1.0,1.0,-0.5,2025-09-23 13:29:42.184597,4.247392768,Specialty Industrial Machinery,United States,271236
MT.AS,2.678167,1.5781672,0.15905933,0.11170568,0.07770535,0.21474236,0.5,0.6,0.5,-0.5,0.0,2025-09-22 14:53:41.141414,22.822291456,Steel,Luxembourg,1663050
MTS.MC,2.6759825,1.5759825,0.15900636,0.11170568,0.07770535,0.21474236,0.5,0.6,0.5,-0.5,0.0,2025-09-22 14:53:34.098135,22.82989568,Steel,Luxembourg,157301
USNA,2.672811,0.87281114,0.14217404,0.08857481,0.071377166,0.19128004,0.5,0.8,1.0,-0.5,0.0,2025-09-23 04:39:21.931038,0.543404416,Packaged Foods,United States,133649
TDW,2.6695817,-0.6304184,0.032248955,0.10242501,0.04044384,0.7058538,1.0,0.8,0.5,1.0,0.0,2025-09-23 03:36:36.787878,2.705746688,Oil & Gas Equipment & Services,United States,872193
SPOK,2.6661298,-0.63387007,0.030504685,0.1256221,0.04798787,0.6807325,1.0,0.8,1.0,1.0,-0.5,2025-09-24 05:55:01.711108,0.359723424,Health Information Services,United States,131807
WGO,2.664713,3.3647127,0.21853445,0.06973507,0.048394147,0.23578233,-0.5,0.8,0.5,-1.0,-0.5,2025-09-23 05:00:36.614714,0.932576064,Recreational Vehicles,United States,636142
LNN,2.6620011,-0.63799894,0.02829803,0.104184486,0.0039546257,0.7641882,1.0,0.8,1.0,1.0,-0.5,2025-09-22 23:37:32.085882,1.525053184,Farm & Heavy Construction Machinery,United States,121496
NSSC,2.6487687,-0.6512314,0.020111635,0.18457776,0.058025114,0.5664203,1.0,0.8,1.0,1.0,-0.5,2025-09-23 23:43:06.321377,1.538574592,Security & Protection Services,United States,372992
KOMPL.OL,2.6448812,1.6448812,0.25349665,0.052736875,0.005961662,0.6161395,-0.5,1.0,0.5,0.5,-0.5,2025-09-22 14:49:58.215698,2.463543552,Internet Retail,Norway,56598
GAV.SW,2.6447701,0.14477025,0.12595218,0.113065206,0.066946246,0.30740798,1.0,1.0,1.0,0.0,-0.5,2025-09-22 14:43:55.075612,0.114779664,Electrical Equipment & Parts,Switzerland,492
DUE.DE,2.6406374,0.64063746,0.1365003,0.073021196,0.061358355,0.16390625,1.0,1.0,0.5,0.0,-0.5,2025-09-22 14:40:15.422976,1.359128832,Specialty Industrial Machinery,Germany,73750
SID,2.6399288,1.7399287,0.33300132,0.17832795,0.04604814,0.6075566,0.5,0.4,-0.5,1.0,-0.5,2025-09-23 03:06:13.829728,2.0555424,Steel,Brazil,2901312
ARRD.DE,2.6369708,1.5369707,0.15806219,0.11170568,0.07770535,0.21474236,0.5,0.6,0.5,-0.5,0.0,2025-09-22 14:33:00.880110,22.974388224,Steel,Luxembourg,11135
RWA.L,2.629788,2.629788,0.25308034,0.03355428,0.022194821,0.25293404,0.0,1.0,0.5,-1.0,-0.5,2025-09-22 15:01:31.244350,0.080903168,Staffing & Employment Services,United Kingdom,342736
KIE.L,2.6228008,0.12280075,0.13043258,0.037864674,0.014719411,0.5813841,0.0,1.0,0.5,0.5,0.5,2025-09-22 14:49:25.614595,0.923657344,Engineering & Construction,United Kingdom,1848903
AVNS,2.622476,-0.17752399,0.10648625,0.11903191,0.048121195,0.40146944,1.0,0.8,0.5,1.0,-0.5,2025-09-22 15:22:10.340785,0.552653504,Medical Devices,United States,601584
PERR.PA,2.6210501,-0.87895,0.03902945,0.07060224,0.05078334,0.3747913,1.0,1.0,1.0,0.5,0.0,2025-09-22 14:58:02.787841,0.308438368,Electrical Equipment & Parts,France,590
KNIN.SW,2.6154768,0.11547688,0.12275636,0.079478696,0.059833884,0.2829183,1.0,1.0,0.5,-0.5,0.5,2025-09-22 14:49:47.707276,18.296403968,Integrated Freight & Logistics,Switzerland,202938
CPHN.SW,2.6016746,-0.39832535,0.08456351,0.11113764,0.0318869,0.54805726,0.5,1.0,1.0,0.5,0.0,2025-09-22 14:38:34.409178,0.451932544,Paper & Paper Products,Switzerland,896
MGNS.L,2.6014595,-0.39854062,0.054117683,0.031366885,0.015143126,0.42973256,0.0,1.0,1.0,0.5,0.5,2025-09-22 14:52:34.443150,2.02059648,Engineering & Construction,United Kingdom,97966
ASC,2.6,-1.0,0.171988,0.26553378,-0.0149882585,0.7362067,1.0,0.6,1.0,1.0,0.0,2025-09-22 15:21:20.683819,0.517225056,Marine Shipping,Bermuda,582947
SR,2.6,-0.7,-0.057460766,0.16343188,0.025017057,0.84594136,1.0,0.8,0.0,1.0,0.5,2025-09-23 03:21:48.564998,4.539619328,Utilities - Regulated Gas,United States,494560
DNR.MI,2.6,-1.0,0.022081466,0.09984834,-0.025198173,0.8497945,1.0,0.6,1.0,1.0,0.0,2025-09-22 14:40:03.656517,1.346525184,Electrical Equipment & Parts,Italy,140874
PSHG,2.6,-1.0,-0.51741785,0.41835585,-0.08558275,0.8374647,1.0,0.6,1.0,1.0,0.0,2025-09-24 02:42:11.886692,0.023248136,Marine Shipping,Greece,104685
AVA,2.6,-0.7,-0.046758562,0.19724587,0.07251462,0.4643865,1.0,0.8,0.0,1.0,0.5,2025-09-22 15:22:07.340603,2.949187072,Utilities - Diversified,United States,689484
BRN,2.6,-0.7,-0.27057558,0.14875086,0.045878652,0.6916715,1.0,0.8,1.0,1.0,-0.5,2025-09-22 15:11:41.137785,0.011584564,Oil & Gas E&P,United States,46860
CTH1V.HE,2.5984,-0.40159994,0.052920848,0.046220757,0.011059926,0.6858683,1.0,1.0,0.5,0.5,0.0,2025-09-22 14:38:54.064532,0.041335316,Metal Fabrication,Finland,10791
MRVI,2.5981412,1.7981412,0.22226235,0.3834479,0.028801821,0.6469804,1.0,0.8,0.5,-1.0,-0.5,2025-09-23 22:20:02.396800,1.023098368,Biotechnology,United States,1563647
BSM,2.5974426,0.2974426,0.13031867,0.7438405,0.507935,0.35082892,1.0,0.8,0.0,0.0,0.5,2025-09-22 16:23:07.793881,2.743495936,Oil & Gas E&P,United States,545514
MT,2.5962012,1.4962012,0.15707889,0.11170568,0.07770535,0.21474236,0.5,0.6,0.5,-0.5,0.0,2025-09-23 00:09:27.375028,27.233130496,Steel,Luxembourg,1524885
BB.PA,2.5799935,-0.42000657,0.10891079,0.1515959,0.13428913,0.08067925,0.5,1.0,1.0,0.0,0.5,2025-09-22 14:34:11.471449,2.151751936,Household & Personal Products,France,30374
RGP,2.5797198,2.2797198,0.24002042,0.05889653,0.034278862,0.56733197,0.0,0.8,1.0,-1.0,-0.5,2025-09-24 04:16:59.682660,0.169851168,Consulting Services,United States,282753
GSC1.DE,2.572741,0.57274115,0.15259947,0.070744,0.018357368,0.57454485,1.0,1.0,0.5,0.5,-1.0,2025-09-22 14:44:54.102767,0.16470568,Specialty Industrial Machinery,Germany,5212
VEON,2.5662396,2.9662397,0.31051612,0.5560539,0.2872128,0.33608356,0.0,0.6,-0.5,-0.5,0.0,2025-09-24 07:36:14.279287,3.957121536,Telecom Services,United Arab Emirates,200446
PFE.DE,2.5639045,0.26390445,0.1291525,0.2591116,0.1460859,0.42986718,1.0,0.8,0.0,0.0,0.5,2025-09-22 14:58:05.459370,115.892486144,Drug Manufacturers - General,United States,41443
PFE,2.5595853,0.2595854,0.12900144,0.2591116,0.1460859,0.42986718,1.0,0.8,0.0,0.0,0.5,2025-09-23 02:08:33.892632,136.680644608,Drug Manufacturers - General,United States,42269839
DHT,2.5530188,-1.0469812,0.04082781,0.36429423,0.20470302,0.4020863,1.0,0.6,0.5,1.0,0.5,2025-09-22 17:29:38.670801,2.01160064,Oil & Gas Midstream,Bermuda,1539120
BIPC,2.5473907,0.74739075,0.1329283,0.4706706,0.42309228,0.07653513,1.0,0.8,0.0,0.5,-0.5,2025-09-22 15:24:57.267151,4.856001536,Utilities - Regulated Gas,United States,565466
ETS.VI,2.546252,4.446252,0.19943437,0.8015141,0.8015141,,0.0,0.6,-1.5,0.0,-1.0,2025-09-22 14:41:56.703463,0.770819968,Telecom Services,Austria,5814
JSG.L,2.546213,0.046212904,0.120572254,0.23661175,0.16433309,0.2106399,0.0,1.0,0.5,0.5,0.5,2025-09-22 14:48:51.520954,0.565013888,Specialty Business Services,United Kingdom,2733857
PETS,2.543786,1.7437861,0.34915078,0.08091588,0.015359491,0.63135636,1.0,0.8,1.0,-1.0,-1.0,2025-09-24 02:17:41.796263,0.054946176,Pharmaceutical Retailers,United States,136901
DPAM.PA,2.5352657,-1.4647344,0.06260632,0.39931056,0.3398321,0.15271576,1.0,1.0,1.0,0.5,0.5,2025-09-22 14:40:11.415273,0.094377,Oil & Gas Refining & Marketing,France,13
LXU,2.5348454,1.7348453,0.17804867,0.23455594,0.15753481,0.4458729,0.5,0.8,0.0,0.0,-0.5,2025-09-22 23:42:53.868269,0.584840064,Chemicals,United States,408774
MCM.MC,2.5348306,-0.56516933,0.05522605,0.17433675,0.037520353,0.5242597,0.5,0.6,0.5,1.0,0.5,2025-09-22 14:52:14.608814,0.532805632,Paper & Paper Products,Spain,3582
PINC,2.5343292,0.7343293,0.13578711,0.3433361,0.26105428,0.2032251,1.0,0.8,0.5,0.0,-0.5,2025-09-24 02:23:31.681169,2.307262464,Health Information Services,United States,1980926
SBO.VI,2.5255682,-0.5744317,0.084085,0.12651758,0.07825184,0.3437685,1.0,0.6,0.5,0.5,0.5,2025-09-22 15:02:29.541317,0.40974608,Oil & Gas Equipment & Services,Austria,41691
FRVIA.PA,2.5251184,3.5251184,0.1854785,0.09572832,0.08912907,0.049631998,-0.5,1.0,-0.5,-0.5,-0.5,2025-09-22 14:43:32.743708,2.17868928,Auto Parts,France,845293
MGY,2.5176442,0.21764421,0.12321534,0.7234237,0.6974765,0.044004094,1.0,0.8,0.5,0.0,0.0,2025-09-22 23:55:03.641920,4.562376192,Oil & Gas E&P,United States,2548646
MAN,2.5134306,2.2134306,0.20791554,0.02204743,0.017318346,0.28479204,0.0,0.8,0.5,-0.5,-0.5,2025-09-22 23:45:39.725592,1.751191808,Staffing & Employment Services,United States,1067315
PNRG,2.510075,-0.7899248,0.01481801,0.5043857,0.2416336,0.5444857,1.0,0.8,0.5,1.0,0.0,2025-09-24 02:31:27.157267,0.285969568,Oil & Gas E&P,United States,84974
BBWI,2.502038,1.702038,0.16208391,0.14757101,0.121253595,0.20754871,-0.5,0.8,0.0,0.0,0.5,2025-09-22 15:23:30.244180,5.173246464,Specialty Retail,United States,5761453
EEFT,2.5010626,1.2010627,0.15002531,0.17911735,0.13563679,0.19976354,0.0,0.8,0.5,0.0,0.0,2025-09-23 11:58:37.781110,3.536736768,Software - Infrastructure,United States,672138
WRT1V.HE,2.5,-1.0,0.03509007,0.11658858,-0.0106128035,0.7495519,1.0,1.0,1.0,1.0,-0.5,2025-09-22 15:10:27.128129,14.840380416,Specialty Industrial Machinery,Finland,790751
VISTN.OL,2.5,-2.0,0.011105488,0.118125096,-0.036534283,1.1405754,1.0,1.0,1.0,1.0,0.5,2025-09-22 15:09:03.879119,1.050966848,Drug Manufacturers - Specialty & Generic,Norway,17853
CARA.ST,2.5,-1.0,-0.01869441,0.1324115,-0.016408153,0.8117313,1.0,1.0,1.0,1.0,-0.5,2025-09-22 14:36:54.300882,1.956385408,Health Information Services,Sweden,189852
KSC.DE,2.4995508,2.4995508,0.44869444,0.07730789,0.05200394,0.33787003,0.0,1.0,0.0,-0.5,-0.5,2025-09-22 14:50:10.585563,0.027243484,Information Technology Services,Germany,12856
KSPI,2.4989123,-0.6010877,0.06915623,0.42727974,0.079084456,0.78131837,0.0,0.6,1.0,1.0,0.5,2025-09-23 19:59:39.253559,16.899336192,Software - Infrastructure,Kazakhstan,330566
MN.MI,2.494807,0.8948071,0.13835552,0.12509991,0.110768184,0.09251052,0.0,0.6,0.5,0.0,0.5,2025-09-22 14:52:52.387085,0.550072,Publishing,Italy,230320
TV,2.4897418,1.3897419,0.1658388,0.33271065,0.18170132,0.47110313,0.0,0.6,0.0,1.0,-0.5,2025-09-23 04:28:09.719042,1.47903424,Telecom Services,Mexico,1516549
IMXI,2.4883757,0.18837577,0.13119711,0.12407466,0.027750295,0.69150215,0.0,0.8,0.5,1.0,0.0,2025-09-23 19:14:14.263786,0.427450368,Software - Infrastructure,United States,636436
FOUR.L,2.484288,-0.5157119,0.06636186,0.07054432,0.0145226475,0.57384306,0.0,1.0,1.0,0.5,0.5,2025-09-22 14:43:12.966642,0.884604992,Advertising Agencies,United Kingdom,89196
CIX,2.4830427,-0.81695724,0.053430557,0.1232506,0.07438128,0.34324798,1.0,0.8,1.0,0.0,0.5,2025-09-22 15:11:45.673063,0.307707808,Security & Protection Services,United States,8726
SDF.DE,2.4826381,0.98263824,0.15891518,0.18016711,0.10173659,0.34713614,0.5,1.0,0.5,0.0,-0.5,2025-09-22 15:02:51.040210,2.034576,Agricultural Inputs,Germany,896114
PWO.DE,2.4783542,0.9783543,0.17590144,0.07035646,0.021802656,0.71683776,-0.5,1.0,0.0,0.5,0.5,2025-09-22 14:59:19.452241,0.08625,Auto Parts,Germany,375
EVS.BR,2.4760048,-0.6239951,0.06551487,0.22387704,0.074056074,0.4866131,0.0,0.6,1.0,1.0,0.5,2025-09-22 14:42:04.243213,0.470038336,Communication Equipment,Belgium,17499
ATIC.ST,2.4754317,3.4754317,0.19681554,0.22951132,0.18072909,0.17722237,-0.5,1.0,-1.5,0.0,0.0,2025-09-22 14:33:18.781169,0.648537472,Leisure,Sweden,199758
HEN.DE,2.47501,-0.52499014,0.064503714,0.11455249,0.0556771,0.38308662,0.5,1.0,0.5,0.5,0.5,2025-09-22 14:45:32.447357,28.250310656,Household & Personal Products,Germany,97638
TTALO.HE,2.4745295,-0.5254705,0.102072045,0.1426441,0.11190533,0.20765534,1.0,1.0,0.0,0.5,0.5,2025-09-22 15:07:57.473439,1.309614208,Medical Care Facilities,Finland,102294
ELN.MI,2.4692204,-0.6307796,0.032070395,0.0775669,0.0031410633,0.9788316,1.0,0.6,1.0,0.5,0.0,2025-09-22 14:40:49.761312,0.929210624,Medical Devices,Italy,74175
SRE,2.46,-0.84,-0.050586894,0.28049305,0.07909135,0.49424157,1.0,0.8,0.0,1.0,0.5,2025-09-23 03:22:02.607614,53.744156672,Utilities - Diversified,United States,3766458
CWCO,2.4541073,-0.6458928,0.023648517,0.16191748,0.044230107,0.653817,1.0,0.6,1.0,1.0,-0.5,2025-09-23 11:24:47.475691,0.549793152,Utilities - Regulated Water,Cayman Islands,110944
WBD.MI,2.4534838,0.8534838,0.16832463,0.12786788,0.0034614655,0.75011003,0.0,0.6,0.0,1.0,0.0,2025-09-22 15:10:04.520601,3.692314624,Engineering & Construction,Italy,2064561
TAP,2.4531589,0.1531589,0.12295363,0.15884711,0.14036071,0.100120455,0.5,0.8,0.5,0.0,0.5,2025-09-23 03:33:50.290777,9.221362688,Beverages - Brewers,United States,2503144
RAIVV.HE,2.4437876,-0.5562125,0.057499167,0.14135961,0.05253623,0.41932935,0.5,1.0,1.0,1.0,-0.5,2025-09-22 14:59:53.750307,0.399136224,Packaged Foods,Finland,46113
RAIKV.HE,2.4437876,-0.5562125,0.057499167,0.14135961,0.05253623,0.41932935,0.5,1.0,1.0,1.0,-0.5,2025-09-22 14:59:53.067207,0.399136224,Packaged Foods,Finland,5407
HOV,2.4402504,1.6402504,0.25199375,0.0679894,0.007867103,0.9741107,-0.5,0.8,0.0,0.5,0.0,2025-09-22 21:55:01.459471,0.697814912,Residential Construction,United States,154634
WILC,2.439314,-0.660686,0.012797099,0.06628079,0.02823258,0.45149332,0.5,0.6,1.0,0.5,0.5,2025-09-24 08:02:31.615945,0.258905376,Food Distribution,Israel,18063
ENR,2.4373431,-0.36265677,0.088846646,0.08553342,0.0003278581,0.8056503,1.0,0.8,0.0,0.5,0.5,2025-09-22 18:11:11.530984,1.951114752,Electrical Equipment & Parts,United States,1090982
CFEB.BR,2.4325473,0.33254734,0.14728108,0.040633194,0.00019944413,0.79190487,0.0,0.6,0.5,0.5,0.5,2025-09-22 14:37:28.404969,0.213650992,Engineering & Construction,Belgium,4687
CNC,2.4254045,1.1254045,0.24287413,0.032482333,0.0009443739,0.6895937,1.0,0.8,0.5,-1.0,0.0,2025-09-22 16:56:10.768013,15.765367808,Healthcare Plans,United States,17647868
CNQ,2.4231167,-0.37688336,0.10965337,0.36429286,0.3025101,0.1746204,1.0,0.8,0.5,0.0,0.5,2025-09-22 16:58:33.467969,65.519865856,Oil & Gas E&P,Canada,5732185
1CNC.MI,2.4171393,1.1171393,0.24004568,0.032482333,0.0009443739,0.6895937,1.0,0.8,0.5,-1.0,0.0,2025-09-22 12:28:56.818496,13.555270656,Healthcare Plans,United States,2645
IDHC.L,2.4107096,-0.6892904,0.05272708,0.22461587,0.057899106,0.7400123,1.0,0.6,0.5,1.0,0.0,2025-09-22 14:47:10.054413,0.33135584,Diagnostics & Research,Jersey,575975
SBS.DE,2.4075105,-0.5924894,0.04728732,0.12971763,0.03742922,0.68592095,1.0,1.0,0.5,1.0,-0.5,2025-09-22 15:02:30.760243,0.35434448,Medical Devices,Germany,11684
KCR.HE,2.405418,-0.5945821,0.04660233,0.08248048,0.019875443,0.6759561,1.0,1.0,0.5,0.5,0.0,2025-09-22 14:49:08.323476,5.778680832,Farm & Heavy Construction Machinery,Finland,78070
REP.MC,2.403274,1.303274,0.14624889,0.09890152,0.086919226,0.10589719,1.0,0.6,0.5,-0.5,-0.5,2025-09-22 15:00:23.117084,16.297560064,Oil & Gas Integrated,Spain,4793362
REG1V.HE,2.4025016,-1.0974984,0.027058192,0.21394752,0.11247101,0.3274927,1.0,1.0,1.0,1.0,-0.5,2025-09-22 15:00:18.266104,0.621179712,Medical Devices,Finland,23996
SUN.SW,2.3931456,-0.6068544,0.042302698,0.0849212,0.037485454,0.38307375,1.0,1.0,0.5,0.0,0.5,2025-09-22 15:05:48.439359,4.769790464,Specialty Industrial Machinery,Switzerland,44556
EVK.DE,2.3917108,-0.108289145,0.116887234,0.10700911,0.08924708,0.12817939,0.5,1.0,0.5,0.0,0.5,2025-09-22 14:41:58.329566,7.24630016,Specialty Chemicals,Germany,941828
COST.L,2.3785229,-0.12147715,0.10680853,0.030609693,0.009919797,0.5772904,0.0,1.0,1.0,0.5,0.0,2025-09-22 14:38:28.045937,0.337519872,Engineering & Construction,United Kingdom,1549677
HELE,2.3780239,2.078024,0.21623649,0.09395076,0.059346374,0.46079004,0.5,0.8,0.0,-0.5,-0.5,2025-09-23 17:52:59.667021,0.518790816,Household & Personal Products,United States,898392
CVE,2.3733435,-0.42665648,0.108729325,0.14332917,0.12126365,0.13416807,1.0,0.8,0.5,0.0,0.5,2025-09-22 17:16:42.360199,30.478782464,Oil & Gas Integrated,Canada,13929053
ALFA.ST,2.3641388,-0.6358611,0.029457841,0.12939258,0.06312458,0.3821861,1.0,1.0,0.5,1.0,-0.5,2025-09-22 14:31:57.223294,178.432966656,Specialty Industrial Machinery,Sweden,477687
DECB.BR,2.3639884,0.26398835,0.13098595,0.095911846,0.059694618,0.4256622,1.0,0.6,0.5,-0.5,0.5,2025-09-22 14:39:25.401701,0.285425664,Building Products & Equipment,Belgium,80264
BIIB,2.3635654,-0.43643454,0.0998603,0.23050243,0.13607053,0.42589465,1.0,0.8,0.5,0.5,0.0,2025-09-23 09:41:52.295053,20.622809088,Drug Manufacturers - General,United States,1468247
JFIN,2.3577507,-0.44224942,0.078643635,0.11536881,0.040836163,0.7854161,0.0,0.3,1.0,1.0,0.5,2025-09-23 19:41:00.817118,0.599873664,Internet Content & Information,China,110342
QDT.PA,2.3561969,0.8561968,0.13759589,0.16075106,0.14685836,0.11261087,0.0,1.0,0.0,0.0,0.5,2025-09-22 14:59:21.895080,0.540713792,Software - Application,France,31385
PSM.DE,2.3561935,1.8561935,0.15089202,0.3407042,0.32182714,0.06914005,0.0,1.0,0.0,0.0,-0.5,2025-09-22 14:59:10.498254,1.342019328,Broadcasting,Germany,754789
NL,2.350866,-0.949134,0.082377866,0.17284916,0.1250506,0.25030568,1.0,0.8,1.0,0.0,0.5,2025-09-23 00:26:01.243137,0.293665056,Security & Protection Services,United States,43492
ABB.ST,2.3489177,-0.6510823,0.020215517,0.1085379,0.043707125,0.41164783,1.0,1.0,0.5,1.0,-0.5,2025-09-22 12:29:36.585028,1212.112437248,Electrical Equipment & Parts,Switzerland,376618
LBRT,2.348904,-0.451096,0.07734522,0.14713489,0.054827582,0.48622206,1.0,0.8,0.5,0.5,0.0,2025-09-22 23:32:01.023694,1.888403712,Oil & Gas Equipment & Services,United States,3789880
ABBN.SW,2.3488092,-0.6511908,0.020139942,0.1085379,0.043707125,0.41164783,1.0,1.0,0.5,1.0,-0.5,2025-09-22 12:29:36.071209,102.44845568,Electrical Equipment & Parts,Switzerland,2215524
KOG.OL,2.34561,-0.65439016,0.017835747,0.16013154,0.034776594,0.6357644,1.0,1.0,1.0,1.0,-1.0,2025-09-22 14:49:54.312878,268.4076032,Aerospace & Defense,Norway,1085260
